date,open,high,low,close,volume,adjusted_close,currency
2020-01-02,65.20941449356825,65.3377192791331,63.62969699927708,63.96648788452149,1797800,63.96648788452149,USD
2020-01-03,63.7098979760218,64.88867244289351,63.67782789072139,64.79244995117188,1326500,64.79244995117188,USD
2020-01-06,64.66413240345521,65.31365856630022,64.28724473734204,64.97686767578125,1764300,64.97686767578125,USD
2020-01-07,64.03867354250369,64.84056025741818,63.758014415865645,64.01461791992188,1194800,64.01461791992188,USD
2020-01-08,64.0867799114014,64.51177885910292,63.86225262717489,64.15093231201172,2388900,64.15093231201172,USD
2020-01-09,64.0947823747984,64.54383681632778,63.96647760984261,64.47969055175781,892800,64.47969055175781,USD
2020-01-10,64.61603270919416,65.19339212059198,64.27924175851547,65.16131591796875,1291000,65.16131591796875,USD
2020-01-13,65.0009300931815,66.00328840879511,65.0009300931815,65.97923278808594,1397500,65.97923278808594,USD
2020-01-14,65.66647408558308,65.75468207536068,64.69619231593701,65.08110046386719,1223500,65.08110046386719,USD
2020-01-15,65.45800471002386,65.95517663298745,65.14526940751905,65.81083679199219,1228100,65.81083679199219,USD
2020-01-16,65.90706990132047,66.17970844301568,65.45800918866071,66.1636734008789,1021600,66.1636734008789,USD
2020-01-17,66.11555049898469,66.38819513574566,65.74668338164531,66.15564727783203,1797400,66.15564727783203,USD
2020-01-21,66.5084700211597,66.81318469674615,66.0594094091429,66.79714965820312,1577300,66.79714965820312,USD
2020-01-22,67.06177388523913,67.18205809833614,65.83488837104997,66.06743621826172,1427400,66.06743621826172,USD
2020-01-23,66.09149468458789,66.64479841792546,65.79480054646383,66.62074279785156,1308500,66.62074279785156,USD
2020-01-24,66.7570738064621,66.78112943076992,65.97122207758046,66.36415100097656,1117900,66.36415100097656,USD
2020-01-27,66.11556705000714,66.5646278374567,65.85094904426396,66.02735900878906,1198900,66.02735900878906,USD
2020-01-28,66.1396106930046,66.61272085922896,65.93913903926696,66.33206176757812,1473500,66.33206176757812,USD
2020-01-29,69.12262118923387,70.18913181572707,65.12120884255442,65.97120666503906,2311000,65.97120666503906,USD
2020-01-30,65.72262546023227,67.35045429072005,65.61838240395255,67.33441925048828,1820300,67.33441925048828,USD
2020-01-31,67.35045645103422,67.55092810886268,66.46036180084312,66.62074279785156,1514200,66.62074279785156,USD
2020-02-03,66.8372398982672,67.25422431269867,66.28394236229536,66.42827606201172,1560500,66.42827606201172,USD
2020-02-04,66.55657163248064,67.35043746062497,66.52449544212328,67.06977844238281,815100,67.06977844238281,USD
2020-02-05,67.00563214195496,67.52685957622111,66.58063328749294,66.80516052246094,976500,66.80516052246094,USD
2020-02-06,66.9735842923562,67.39056886340309,66.93349362223573,67.2542495727539,1141500,67.2542495727539,USD
2020-02-07,67.45469833053836,67.7193162406313,67.21412992000789,67.51884460449219,1517500,67.51884460449219,USD
2020-02-10,67.95187028741364,68.13630690140964,67.63111441667374,68.11225128173828,1477800,68.11225128173828,USD
2020-02-11,68.04007748632255,68.39290955168296,67.75941839701736,67.9919662475586,1265200,67.9919662475586,USD
2020-02-12,67.87970261183652,68.37686839348878,67.54291170467029,67.9919662475586,1418200,67.9919662475586,USD
2020-02-13,67.85564599907462,68.49715160553664,67.85564599907462,68.33677673339844,1202500,68.33677673339844,USD
2020-02-14,68.61741447500317,69.33109283447266,68.52118591090682,69.33109283447266,939200,69.33109283447266,USD
2020-02-18,69.50752550232892,69.65186532418383,68.51318790616664,69.17874908447266,879800,69.17874908447266,USD
2020-02-19,69.11460715308598,69.17875343067804,68.42498419622078,68.43299865722656,1068500,68.43299865722656,USD
2020-02-20,68.48112568682012,69.33914421465248,68.2245221864752,69.28301239013672,1023800,69.28301239013672,USD
2020-02-21,69.10658840604637,69.87639881873963,69.0424360088446,69.77215576171875,1517400,69.77215576171875,USD
2020-02-24,69.25894178598482,69.9164884957492,68.74573489631061,68.7938461303711,1059000,68.7938461303711,USD
2020-02-25,68.99433331197365,69.13065258447288,66.86933230536938,66.96556091308594,1270500,66.96556091308594,USD
2020-02-26,67.29432279304807,67.82357089185246,66.83724767040306,66.84526824951172,1997300,66.84526824951172,USD
2020-02-27,66.07546249030456,66.85329353505264,62.90800648941849,62.9160270690918,2179500,62.9160270690918,USD
2020-02-28,61.87356624893998,61.87356624893998,58.77828382086489,60.221675872802734,3257500,60.221675872802734,USD
2020-03-02,60.59053230348088,63.42921079417674,60.32591445036163,63.405155181884766,2325400,63.405155181884766,USD
2020-03-03,63.42120326187916,65.0089412966972,62.547149873322525,62.9962043762207,2805400,62.9962043762207,USD
2020-03-04,63.90234261043722,65.09715188465488,63.21271967199801,64.97686767578125,2379500,64.97686767578125,USD
2020-03-05,64.08677061928853,64.51979008375912,62.72356595247685,63.64573669433594,1623600,63.64573669433594,USD
2020-03-06,61.9858453409883,62.70753848811484,60.4061275380498,62.25848388671875,2233500,62.25848388671875,USD
2020-03-09,58.65800545668171,60.60659012089818,58.61790867989869,59.716495513916016,3436000,59.716495513916016,USD
2020-03-10,61.06366490311099,64.09479522705078,60.24573715727728,64.09479522705078,4259800,64.09479522705078,USD
2020-03-11,62.55516856106967,62.57120359944193,59.87686442766768,60.221675872802734,3700900,60.221675872802734,USD
2020-03-12,56.420746236843705,60.88725471601985,54.76886166473305,56.14008712768555,5119200,56.14008712768555,USD
2020-03-13,59.33960216454658,59.51601817687413,55.5627174095738,59.0268669128418,4670800,59.0268669128418,USD
2020-03-16,54.98536843897666,55.2018751469009,48.9952740655189,49.04338836669922,4111800,49.04338836669922,USD
2020-03-17,50.56696461363796,53.63016778978691,48.79479309501037,53.29337692260742,3220800,53.29337692260742,USD
2020-03-18,49.8773513430353,51.89008553303444,46.99857808361654,48.81084060668945,3663700,48.81084060668945,USD
2020-03-19,48.51414031036693,50.46272503366499,47.31932790554346,48.60234832763672,3510900,48.60234832763672,USD
2020-03-20,48.83155628452495,49.5767037664674,44.23916920883819,44.78183364868164,3495100,44.78183364868164,USD
2020-03-23,44.78183983241261,44.87093423705473,40.18945212258286,41.62305450439453,3682000,41.62305450439453,USD
2020-03-24,42.99995607499076,44.10148115201088,41.01559131915538,42.23860931396485,3835100,42.23860931396485,USD
2020-03-25,41.85794125015917,46.8795988769698,40.643024231883714,44.19868087768555,3843900,44.19868087768555,USD
2020-03-26,44.19868744929538,48.09452304610106,43.20245571694967,47.97303009033203,3252400,47.97303009033203,USD
2020-03-27,46.3936244014556,52.1847293653292,46.17493899481001,50.76732635498047,2830600,50.76732635498047,USD
2020-03-30,51.423386008338696,51.747362007090665,48.06211455206711,50.686336517333984,3550300,50.686336517333984,USD
2020-03-31,49.98168563842773,50.637741943842805,47.81913481821583,49.98168563842773,5240400,49.98168563842773,USD
2020-04-01,47.84343771860842,48.564288075612495,44.44977021609155,46.73381423950195,2907300,46.73381423950195,USD
2020-04-02,45.56748627265281,47.02538916633836,43.12145606145539,44.19868087768555,3175700,44.19868087768555,USD
2020-04-03,43.712712097507065,44.88712932387652,42.75697719944424,43.94759368896485,2757900,43.94759368896485,USD
2020-04-06,46.24784051238216,48.97735633926704,45.74567567024737,48.68577575683594,2530800,48.68577575683594,USD
2020-04-07,50.6620375022529,51.63397170523128,49.074546721547954,49.14744186401367,2742400,49.14744186401367,USD
2020-04-08,49.67389968214146,53.28625155708233,49.13123523849807,52.848880767822266,3264600,52.848880767822266,USD
2020-04-09,53.67502596383531,57.19018874378622,53.67502596383531,56.22635269165039,3806000,56.22635269165039,USD
2020-04-13,55.578397546073816,55.83757955629967,53.569732332283536,53.86131286621094,1482700,53.86131286621094,USD
2020-04-14,55.29491538684557,56.60702786968409,54.96284131254266,55.821380615234375,1580600,55.821380615234375,USD
2020-04-15,54.15290007595401,55.05193913649673,52.694997226590864,53.44824600219727,2252300,53.44824600219727,USD
2020-04-16,53.52924562278331,54.31489301988641,52.29813232030216,52.83269882202149,2300400,52.83269882202149,USD
2020-04-17,54.136702298657,56.817623532752734,53.7236349392431,56.52604293823242,1790400,56.52604293823242,USD
2020-04-20,55.489309301341336,56.11296395841091,53.08377271949669,53.14046859741211,2056000,53.14046859741211,USD
2020-04-21,51.47198026385835,53.01897437290999,51.44768291382773,51.68256759643555,2757700,51.68256759643555,USD
2020-04-22,52.62210544656416,53.56163803705555,52.32242369836752,53.18096923828125,1703500,53.18096923828125,USD
2020-04-23,53.31865610852419,53.39964933508863,51.25329484450212,51.68256759643555,1989100,51.68256759643555,USD
2020-04-24,50.23276210599436,52.30622129700359,49.52811120216861,51.82835388183594,2210600,51.82835388183594,USD
2020-04-27,52.52490644319548,53.22145929844084,51.95794769096643,52.88938522338867,1375600,52.88938522338867,USD
2020-04-28,54.32297883955772,54.663154055721165,52.12802992661789,52.54110336303711,1962100,52.54110336303711,USD
2020-04-29,53.20528296445951,54.33110589181649,52.28194626402845,53.31057357788086,2047000,53.31057357788086,USD
2020-04-30,52.719281781062335,52.82457851536122,51.48007083928235,52.69498443603516,1843100,52.69498443603516,USD
2020-05-01,51.3018894755747,51.90934481679373,50.26516140885278,50.46764755249024,2073100,50.46764755249024,USD
2020-05-04,49.86019321922329,50.66203668369702,48.71817139884131,50.62154006958008,2262600,50.62154006958008,USD
2020-05-05,51.19659238846118,51.48007482439217,50.24895878272912,50.54863739013672,2763300,50.54863739013672,USD
2020-05-06,50.75923173091944,51.358592154982425,49.26083530530262,49.42282485961914,2807300,49.42282485961914,USD
2020-05-07,50.11937896962294,51.91745410508894,49.536217796123786,51.067012786865234,5138300,51.067012786865234,USD
2020-05-08,52.01464080810547,52.703092450560334,51.18849698334365,52.01464080810547,2169300,52.01464080810547,USD
2020-05-11,52.371019604276704,52.371019604276704,50.43524945920911,51.439579010009766,2387200,51.439579010009766,USD
2020-05-12,51.71496716388397,51.86885863221915,48.28080341228025,48.68577575683594,3823600,48.68577575683594,USD
2020-05-13,48.2888950819554,48.75056324621618,47.34935949104128,47.47895050048828,3524500,47.47895050048828,USD
2020-05-14,46.588016510009766,46.87149590084887,45.19491072715788,46.588016510009766,3291300,46.588016510009766,USD
2020-05-15,46.23164007544898,46.434126229059686,44.94382801489716,46.27213668823242,5298400,46.27213668823242,USD
2020-05-18,47.98111193988064,49.625298231365306,47.96491267965751,48.96924209594727,2779600,48.96924209594727,USD
2020-05-19,48.564274045678026,48.86395575109881,46.7338007383805,46.75,3056400,46.75,USD
2020-05-20,47.38176503510518,48.16741238421836,46.70950944984467,47.73004150390625,3141400,47.73004150390625,USD
2020-05-21,47.55184937083359,48.27269961059946,46.88769500904748,46.92009353637695,2463200,46.92009353637695,USD
2020-05-22,46.99298277543929,47.18736773561304,45.99675135789238,46.49081802368164,2835300,46.49081802368164,USD
2020-05-26,48.16740973012468,49.5767117027729,47.730038873912335,48.81536483764648,3796700,48.81536483764648,USD
2020-05-27,50.4595474270401,50.532442563854936,48.1026087896184,48.70196914672852,4037600,48.70196914672852,USD
2020-05-28,49.60911424069067,49.63341159365753,48.24840686005621,49.30133438110352,4583200,49.30133438110352,USD
2020-05-29,48.92066378629116,49.39853130896409,48.28890478481377,49.050254821777344,5723700,49.050254821777344,USD
2020-06-01,49.03404668072177,49.90068715298698,48.43468631902665,49.48761367797852,3035300,49.48761367797852,USD
2020-06-02,49.96547342697195,50.07886824853379,48.84775227881331,48.96924209594727,3076700,48.96924209594727,USD
2020-06-03,49.56050399558568,50.46764408126656,49.374217127015456,49.9168815612793,6278700,49.9168815612793,USD
2020-06-04,49.56861121498956,50.39475509570363,48.63717366887345,49.941184997558594,3720700,49.941184997558594,USD
2020-06-05,52.10373794274502,54.03950505508868,52.10373794274502,53.78032302856445,4172300,53.78032302856445,USD
2020-06-08,54.71176268794754,55.48930879775409,53.77222394314764,55.21392440795898,3252400,55.21392440795898,USD
2020-06-09,53.19717262715695,53.76413149319076,52.64640993755774,52.96228790283203,2145300,52.96228790283203,USD
2020-06-10,52.70309565048438,53.18096618479865,51.54487460826274,52.338623046875,2025300,52.338623046875,USD
2020-06-11,49.90878647132819,50.848322104155145,49.49571607581792,49.941184997558594,2959500,49.941184997558594,USD
2020-06-12,51.6825816340868,51.76357488265004,49.30134181411724,51.48819351196289,4423900,51.48819351196289,USD
2020-06-15,49.6172050679926,52.00654226707724,49.4714178818305,51.3018913269043,2981500,51.3018913269043,USD
2020-06-16,53.213352783458085,53.804615005223766,51.893145433212254,52.39531326293945,2406800,52.39531326293945,USD
2020-06-17,52.67070084908271,53.01897730401228,50.589143296425725,50.63774108886719,1665400,50.63774108886719,USD
2020-06-18,50.04648271603455,50.71873519644414,49.6334091973775,50.16797256469727,3533600,50.16797256469727,USD
2020-06-19,50.92289563931076,51.13555323658351,48.71454892346703,48.73090744018555,6981700,48.73090744018555,USD
2020-06-22,48.70636019216828,49.0008072051293,48.16654170842892,48.49370574951172,2840500,48.49370574951172,USD
2020-06-23,49.03353976081464,49.03353976081464,47.733067121791485,48.06840896606445,2805900,48.06840896606445,USD
2020-06-24,47.41408156644809,47.72488405720517,46.33444430786321,47.0133056640625,4946900,47.0133056640625,USD
2020-06-25,46.71885434098704,47.8312085357838,46.51437755871023,47.76577758789063,3591200,47.76577758789063,USD
2020-06-26,47.594020764303615,47.93754342459388,46.440771690594325,46.62071228027344,3305400,46.62071228027344,USD
2020-06-29,46.75157370278803,47.19324432331363,46.05635385645822,47.168704986572266,2309600,47.168704986572266,USD
2020-06-30,47.27502928329096,48.24015990124621,46.90697046795752,48.10929489135742,3317000,48.10929489135742,USD
2020-07-01,48.20744499127786,49.84325924694472,47.88846171063371,49.75329208374024,1901600,49.75329208374024,USD
2020-07-02,50.44851432901147,50.86564561150728,49.238012095807456,49.5569953918457,1509500,49.5569953918457,USD
2020-07-06,50.56302263966633,50.73478240212051,48.550971685027406,48.73908996582031,3345900,48.73908996582031,USD
2020-07-07,47.89665015246406,48.32196230103903,47.04602585531411,47.10327911376953,1762800,47.10327911376953,USD
2020-07-08,47.16870690944104,47.2995750572146,46.735217090180434,47.0133056640625,3393400,47.0133056640625,USD
2020-07-09,46.87426057349647,47.11963209806216,46.06453111035466,46.38351440429688,2638000,46.38351440429688,USD
2020-07-10,46.29353929894122,47.02965691608978,46.20357214135007,46.37533187866211,3866600,46.37533187866211,USD
2020-07-13,46.71068147618822,46.98877005366426,46.187221358602365,46.63706970214844,1679900,46.63706970214844,USD
2020-07-14,46.53892171011819,47.4795131338839,46.29354704993996,46.63706970214844,1745800,46.63706970214844,USD
2020-07-15,47.44678539379269,47.78212715098128,46.88243066683658,47.2095947265625,2094600,47.2095947265625,USD
2020-07-16,46.85790098601825,47.19324278995096,46.53891769935887,46.8006477355957,1733900,46.8006477355957,USD
2020-07-17,46.8497187404944,47.02965930495252,46.367153415866944,46.60434722900391,2035900,46.60434722900391,USD
2020-07-20,46.21175370012509,46.45712521965195,45.01761001704441,45.12393569946289,3426100,45.12393569946289,USD
2020-07-21,45.2139111753208,45.68011805196411,44.54322748891924,44.63319778442383,2954900,44.63319778442383,USD
2020-07-22,44.31421469763763,45.71283533505476,43.99523137191813,45.55743408203125,2916900,45.55743408203125,USD
2020-07-23,45.34476493976049,45.73735994252106,44.22423317437712,44.84584426879883,2014500,44.84584426879883,USD
2020-07-24,44.77224010660889,44.96035838234263,44.02794470258921,44.44507598876953,3184900,44.44507598876953,USD
2020-07-27,44.23242611140646,44.23242611140646,43.12007173877219,43.61899566650391,2045700,43.61899566650391,USD
2020-07-28,43.422692164207874,45.03397030178263,43.41451446526556,44.70680618286133,2456400,44.70680618286133,USD
2020-07-29,44.37963455457122,44.845844437171735,43.07916223801459,43.83163833618164,3319300,43.83163833618164,USD
2020-07-30,43.18549280724753,44.1833404341946,43.09552253005487,44.1260871887207,2100900,44.1260871887207,USD
2020-07-31,44.01158051668971,44.15880403875051,43.00555519598612,43.864356994628906,2452200,43.864356994628906,USD
2020-08-03,43.03828098475133,43.34908663043785,42.65386667778851,42.80109024047852,2292600,42.80109024047852,USD
2020-08-04,42.81743393101745,43.92161034922265,42.27761538880642,43.72531127929688,4036200,43.72531127929688,USD
2020-08-05,44.39600721419487,44.42872425498824,43.49631043285835,43.610816955566406,2921000,43.610816955566406,USD
2020-08-06,43.47176675949399,44.199703631970856,43.47176675949399,43.87253952026367,2047600,43.87253952026367,USD
2020-08-07,43.61081135611532,45.393849289525576,43.61081135611532,45.14029693603516,3007100,45.14029693603516,USD
2020-08-10,45.21390476918543,45.77826268100093,44.86220445662646,45.27933883666992,2269200,45.27933883666992,USD
2020-08-11,45.78643995912806,46.031811469806506,44.55957928566782,44.78041458129883,2467400,44.78041458129883,USD
2020-08-12,44.95217204903802,45.21390206317555,44.22423525221375,44.83766555786133,2303300,44.83766555786133,USD
2020-08-13,44.510504003594406,44.9031021671262,43.61898823744229,43.76620864868164,1841300,43.76620864868164,USD
2020-08-14,43.83164444520308,45.05032747575647,43.373615316391216,44.48596954345703,2100100,44.48596954345703,USD
2020-08-17,44.51050781094488,45.31205960332324,44.199705324993126,45.30387878417969,2656200,45.30387878417969,USD
2020-08-18,45.361125494241456,45.43473725557276,44.53504072380611,45.28751373291016,2148200,45.28751373291016,USD
2020-08-19,45.22208259636676,45.22208259636676,44.11790618111401,44.289669036865234,2642800,44.289669036865234,USD
2020-08-20,44.19969858612804,45.40201985124816,44.101547491779904,45.18936538696289,1570600,45.18936538696289,USD
2020-08-21,45.28751558262546,45.45109762782831,43.98704315936818,44.73133850097656,1969300,44.73133850097656,USD
2020-08-24,44.65773128526804,45.81916111644494,44.13427118335609,45.729190826416016,2327200,45.729190826416016,USD
2020-08-25,45.696471990334274,46.27718844308614,45.54107075372079,46.26082992553711,1784300,46.26082992553711,USD
2020-08-26,45.97455348656753,45.97455348656753,44.68226199937978,44.91945266723633,1703500,44.91945266723633,USD
2020-08-27,45.01761587665394,46.44077274719239,45.01761587665394,46.31808853149414,1802800,46.31808853149414,USD
2020-08-28,46.5879875364575,46.669780118268775,45.876409235073226,46.645240783691406,1711600,46.645240783691406,USD
2020-08-31,46.42440568029858,46.52255677886831,45.810975354543714,46.17085647583008,2143500,46.17085647583008,USD
2020-09-01,46.35897210872149,46.48165941495022,45.606495995983,46.44076156616211,2320300,46.44076156616211,USD
2020-09-02,46.465310118669805,47.2423194787262,46.09725124702454,47.18506622314453,2137200,47.18506622314453,USD
2020-09-03,47.364995742830224,48.33830398038091,46.653417503949775,46.9478645324707,1990800,46.9478645324707,USD
2020-09-04,47.18506091172183,48.10111913804846,46.82518289999441,47.52858352661133,2128700,47.52858352661133,USD
2020-09-08,47.28321993809083,47.39772645555658,46.47349037590384,46.939697265625,2133700,46.939697265625,USD
2020-09-09,46.97241835626335,47.55313181353644,46.21176428741368,46.48985290527344,2433000,46.48985290527344,USD
2020-09-10,46.25265332116307,46.37534065392568,45.12394046797991,45.647403717041016,6098400,45.647403717041016,USD
2020-09-11,45.61467689825659,45.78643663124071,44.37145779843605,44.7149772644043,2723900,44.7149772644043,USD
2020-09-14,44.99307034495238,46.72703572613509,44.984892646392105,46.563453674316406,2311300,46.563453674316406,USD
2020-09-15,46.481669374239566,46.95605394516014,45.753729318749286,46.072715759277344,2556500,46.072715759277344,USD
2020-09-16,46.24447744874306,46.931519675207255,46.146326330627744,46.51438522338867,3449900,46.51438522338867,USD
2020-09-17,46.0890667820187,46.88243771813608,45.30387666466214,45.622859954833984,3366100,45.622859954833984,USD
2020-09-18,45.3284169737303,45.80280466251059,44.38782553573768,44.4369010925293,4987100,44.4369010925293,USD
2020-09-21,43.82347632840214,44.10974264645838,42.44121094103922,42.55571746826172,4023200,42.55571746826172,USD
2020-09-22,42.531176674741566,43.52902451053243,42.531176674741566,43.07099533081055,4262500,43.07099533081055,USD
2020-09-23,42.940123767387576,43.60262965730891,41.84412810261725,41.91773986816406,3268200,41.91773986816406,USD
2020-09-24,41.97816350433418,42.44164277308232,41.39053304154663,41.80435562133789,3578800,41.80435562133789,USD
2020-09-25,41.71330894200409,42.68993028706858,41.47329113611881,42.6816520690918,2776000,42.6816520690918,USD
2020-09-28,43.36860817816126,43.79070582575713,42.92995409108096,43.48447799682617,2193500,43.48447799682617,USD
2020-09-29,43.28583933778842,43.41826243129095,41.903673496681805,42.28438949584961,2947700,42.28438949584961,USD
2020-09-30,42.64855492134061,42.99616753711364,41.95333284701034,42.483028411865234,3102100,42.483028411865234,USD
2020-10-01,42.63198846518671,44.279003246133286,42.44163051234013,44.22934341430664,3141800,44.22934341430664,USD
2020-10-02,43.29411461141142,45.88464139912569,43.06237184563768,45.59496688842773,6450200,45.59496688842773,USD
2020-10-05,46.34812626318969,46.68746063275657,45.17287171983656,46.017066955566406,2751400,46.017066955566406,USD
2020-10-06,46.19088049518668,46.480555056982375,45.412891973993794,45.67773818969727,2367100,45.67773818969727,USD
2020-10-07,45.89291930684583,46.01706417178281,44.96595772167856,45.32184219360352,1748400,45.32184219360352,USD
2020-10-08,45.66944354641185,46.51364168098096,45.5204672192988,46.50536346435547,2096200,46.50536346435547,USD
2020-10-09,46.61296461088083,46.68745278471402,45.71910968209757,46.06671905517578,1666200,46.06671905517578,USD
2020-10-12,46.1329381947672,46.18259487899926,45.2887398334524,45.81015396118164,1254300,45.81015396118164,USD
2020-10-13,45.3383954406964,45.80187781155028,44.14658768920616,44.27901077270508,1864100,44.27901077270508,USD
2020-10-14,44.25418479116433,44.37005460075306,43.42653968585565,43.70793914794922,1711800,43.70793914794922,USD
2020-10-15,43.43481130045195,44.03899180050956,43.13685858103389,43.29411315917969,1820800,43.29411315917969,USD
2020-10-16,43.45963667586961,43.57550962557082,42.72303314602327,42.91339111328125,2609100,42.91339111328125,USD
2020-10-19,43.13686244931348,43.28583882238191,41.928501340839006,41.96988296508789,1738600,41.96988296508789,USD
2020-10-20,42.40026031684169,42.53268341349496,41.94505611942206,42.13541412353516,1683500,42.13541412353516,USD
2020-10-21,41.80435562133789,42.36715458243126,41.613997613499805,41.80435562133789,2626100,41.80435562133789,USD
2020-10-22,41.887113300227824,42.20161927933059,41.47329080669815,42.00298309326172,3159000,42.00298309326172,USD
2020-10-23,42.48301827477873,42.57405657038076,41.72985831318841,42.46646499633789,2574000,42.46646499633789,USD
2020-10-26,42.26784054453343,42.44992350070828,41.22500897102272,41.961612701416016,2212200,41.961612701416016,USD
2020-10-27,41.83745422304534,42.17678854760423,41.12567901611328,41.12567901611328,2135500,41.12567901611328,USD
2020-10-28,40.0497484475156,40.0497484475156,37.690961024410775,38.27031326293945,6954800,38.27031326293945,USD
2020-10-29,38.071678873396,38.70068783082496,37.59992136602032,38.286865234375,4435500,38.286865234375,USD
2020-10-30,38.27031111287723,39.01518981438122,38.18754470789977,38.88276672363281,2926500,38.88276672363281,USD
2020-11-02,39.06484118429633,40.85255410025696,38.50204238138142,40.81117248535156,3289300,40.81117248535156,USD
2020-11-03,41.38224792497312,43.8403544620253,41.38224792497312,43.47618865966797,3740200,43.47618865966797,USD
2020-11-04,43.14514088589464,43.186522510352034,41.75469683506017,42.01126480102539,2851900,42.01126480102539,USD
2020-11-05,42.2761121803704,43.46791995836693,41.96988122773097,43.08720397949219,3021600,43.08720397949219,USD
2020-11-06,43.01272265388088,43.302397215032414,42.32577561284162,42.640281677246094,2433200,42.640281677246094,USD
2020-11-09,47.6723536100165,55.79982774722927,47.65580348736844,49.06279754638672,10968000,49.06279754638672,USD
2020-11-10,49.35247415583788,51.95955411303021,49.35247415583788,50.85050964355469,9555200,50.85050964355469,USD
2020-11-11,50.48635751209529,50.858798485840815,48.83106710186266,49.31937789916992,4562400,49.31937789916992,USD
2020-11-12,49.004869962035485,49.2697161649611,47.79650876653538,48.43379592895508,2484000,48.43379592895508,USD
2020-11-13,48.582773636603896,50.01459944681683,48.317927426461374,49.782859802246094,1928000,49.782859802246094,USD
2020-11-16,51.28916835581951,52.091981963716,50.25461197076402,51.93473052978516,3103100,51.93473052978516,USD
2020-11-17,51.18157568292926,52.08370901356359,50.42014051090367,51.727821350097656,3169600,51.727821350097656,USD
2020-11-18,51.88506563905569,52.14991179528704,49.609041813357074,49.62559509277344,2116900,49.62559509277344,USD
2020-11-19,49.31936688654897,49.832505915120784,48.46689352593875,49.54283142089844,3092600,49.54283142089844,USD
2020-11-20,49.617324550192826,50.24633343922066,49.4683481790939,50.122188568115234,2894900,50.122188568115234,USD
2020-11-23,50.48634050089193,50.800846456884855,49.69180212942913,49.93181991577149,2688800,49.93181991577149,USD
2020-11-24,50.79257824169188,51.57056664618087,50.21322604779158,50.71809005737305,3999000,50.71809005737305,USD
2020-11-25,50.48634732802389,50.618770407841566,49.73319046958296,50.03114318847656,1706700,50.03114318847656,USD
2020-11-27,49.91528009631941,49.94838350281109,48.66553415269945,48.9965934753418,1470000,48.9965934753418,USD
2020-11-30,48.90554496610689,49.11245622367931,47.64752414120072,47.937198638916016,5918900,47.937198638916016,USD
2020-12-01,48.8062197032301,49.21176392738136,48.36756576885171,48.82277297973633,2048700,48.82277297973633,USD
2020-12-02,48.82277708068008,50.41185387217895,48.57448106944532,49.95664978027344,2927800,49.95664978027344,USD
2020-12-03,50.039420962495385,51.62022294480144,49.81595641121039,51.27261352539063,3164200,51.27261352539063,USD
2020-12-04,51.661601124545626,52.60511910838485,51.57056282354007,52.4478645324707,3159500,52.4478645324707,USD
2020-12-07,51.98438535466361,52.480971108667184,51.67815442105336,51.90161895751953,2013700,51.90161895751953,USD
2020-12-08,51.59539053631446,52.01748810622084,51.23950292608067,51.63677215576172,2034700,51.63677215576172,USD
2020-12-09,51.7774711325125,51.98438237770078,50.24632602379021,50.709808349609375,2260600,50.709808349609375,USD
2020-12-10,50.32082159243796,50.96638691919035,49.46006992824511,49.484901428222656,2850600,49.484901428222656,USD
2020-12-11,49.08763355769361,49.650432495928335,48.42551493114762,48.78140258789063,2352400,48.78140258789063,USD
2020-12-14,49.13729049124581,49.57594455711641,47.920654296875,47.920654296875,2201500,47.920654296875,USD
2020-12-15,48.17721502770695,49.10417970735592,47.49854637555886,49.09590148925781,3224600,49.09590148925781,USD
2020-12-16,48.99658836046945,49.824233423459766,48.21032491918559,48.872440338134766,4229000,48.872440338134766,USD
2020-12-17,49.24487849383163,49.8242306369668,48.53310327431257,49.360748291015625,3216400,49.360748291015625,USD
2020-12-18,49.13728479980837,49.54283225576893,47.29991497066455,47.71373748779297,5468700,47.71373748779297,USD
2020-12-21,46.88609671457511,47.9703097873678,46.41433925475231,47.88754653930664,3801700,47.88754653930664,USD
2020-12-22,47.90409251324878,48.0034090272159,47.39922856832537,47.8792610168457,2737400,47.8792610168457,USD
2020-12-23,48.00341765327202,48.63242656438141,47.192325802824,47.23370742797852,1332400,47.23370742797852,USD
2020-12-24,47.57303983190993,48.22688021675565,47.21715218735925,48.1689453125,638100,48.1689453125,USD
2020-12-28,48.317924242885184,49.203504291678016,48.1027347380629,49.178672790527344,1648200,49.178672790527344,USD
2020-12-29,49.2614407970341,49.50973371608575,48.24343761887131,48.30137252807617,2182000,48.30137252807617,USD
2020-12-30,48.32618954712947,48.9634765562446,48.29308299042387,48.79794692993164,1357300,48.79794692993164,USD
2020-12-31,49.034593775198914,49.61157177264793,48.34891245954408,49.56975936889648,1423100,49.56975936889648,USD
2021-01-04,49.65338065920439,50.23871921964152,47.84719519746368,48.081329345703125,4564500,48.081329345703125,USD
2021-01-05,48.031163991275534,48.265301366478425,47.48763774813245,47.70504760742188,2481700,47.70504760742188,USD
2021-01-06,48.16495297503391,49.37743944050005,47.91409447627788,49.00951385498047,2667600,49.00951385498047,USD
2021-01-07,48.74193364560239,48.77538229785447,48.09806144402548,48.41581726074219,2243700,48.41581726074219,USD
2021-01-08,48.491076033768415,48.82555299298266,48.15659588471507,48.71684646606445,2095600,48.71684646606445,USD
2021-01-11,48.624862315482254,48.8088235071606,47.73013167965792,48.54124069213867,2628800,48.54124069213867,USD
2021-01-12,48.54124059547667,49.15166409039481,48.02279929113393,48.9593391418457,2550500,48.9593391418457,USD
2021-01-13,49.09312967672203,49.98786029486559,48.80882254264958,49.812259674072266,1679700,49.812259674072266,USD
2021-01-14,50.113290180520345,50.9076780273829,49.81225872782813,50.49794006347656,3212700,50.49794006347656,USD
2021-01-15,50.55647353379082,51.57663496878347,50.23872094734937,51.50137710571289,3297400,51.50137710571289,USD
2021-01-19,51.81077267804886,51.81077267804886,50.38923693914279,50.43104934692383,2090800,50.43104934692383,USD
2021-01-20,50.43104257371616,52.20377933305342,50.07147760599533,51.568267822265625,2321300,51.568267822265625,USD
2021-01-21,51.10000607905448,51.84422099915196,50.6819075226097,51.68534469604492,2282400,51.68534469604492,USD
2021-01-22,51.42612249602403,52.01982168122981,51.15853967480906,51.476295471191406,1721700,51.476295471191406,USD
2021-01-25,51.191981721484765,51.986366325211854,50.66517671461775,51.568267822265625,1626200,51.568267822265625,USD
2021-01-26,51.685343721002255,52.76403555200276,51.56827344794162,52.37102508544922,2258400,52.37102508544922,USD
2021-01-27,51.936193702206026,52.53825653422651,50.62336473003556,50.84077453613281,2372300,50.84077453613281,USD
2021-01-28,50.89096028721813,53.006538107012105,50.69863532085859,52.14525604248047,2493700,52.14525604248047,USD
2021-01-29,51.70205419102573,52.74730028232249,51.083267101449344,51.54317474365234,3771700,51.54317474365234,USD
2021-02-01,51.72715483326022,51.98637390136719,50.48121970937708,51.98637390136719,2432400,51.98637390136719,USD
2021-02-02,52.06999376932371,52.43791934476653,51.5013794864692,51.74387741088867,1897100,51.74387741088867,USD
2021-02-03,51.48465504931015,52.8560177791402,51.08328082520176,52.747314453125,2651400,52.747314453125,USD
2021-02-04,52.571701606399984,54.11866788524927,52.03653606619808,53.61695098876953,4483700,53.61695098876953,USD
2021-02-05,53.92635277124928,54.46151844038872,53.3661022081936,54.319366455078125,3066400,54.319366455078125,USD
2021-02-08,54.31936211535711,55.49003931545033,53.792560246170034,55.25590515136719,3881000,55.25590515136719,USD
2021-02-09,56.45167284059173,56.45167284059173,54.95487913787787,55.13884353637695,1925700,55.13884353637695,USD
2021-02-10,55.18900777899079,56.08373840749339,54.879612559909525,55.86632537841797,2179800,55.86632537841797,USD
2021-02-11,56.351317994431184,56.71088297668558,54.444789764683065,56.66071319580078,3302600,56.66071319580078,USD
2021-02-12,56.200790352186985,56.67742230853271,55.749243280963285,56.42656707763672,1974100,56.42656707763672,USD
2021-02-16,56.42658189127408,56.44330302585329,55.64055459282467,56.17572021484375,1983200,56.17572021484375,USD
2021-02-17,56.07537514225474,56.07537514225474,55.40642129414417,55.90813827514648,1479800,55.90813827514648,USD
2021-02-18,55.64891578480309,55.92485596054399,55.31443569153974,55.59873962402344,1202000,55.59873962402344,USD
2021-02-19,55.69908300876898,56.35131565186617,55.47330624481881,56.00011444091797,2193200,56.00011444091797,USD
2021-02-22,55.86632836388885,56.52692486392489,55.49004220624907,55.92486190795898,2122200,55.92486190795898,USD
2021-02-23,56.3763958890911,57.63905504865058,55.92484877812924,57.29621124267578,2543300,57.29621124267578,USD
2021-02-24,57.43001439294503,58.36655739775769,57.06208564468339,57.990264892578125,2713700,57.990264892578125,USD
2021-02-25,57.90663664681667,58.11568587658858,55.456579418702944,55.79942321777344,2885300,55.79942321777344,USD
2021-02-26,55.7994318569587,55.949947580885215,54.66220336055328,54.69565200805664,3725400,54.69565200805664,USD
2021-03-01,55.67400250905664,56.6523515508416,55.46495324134136,55.81615447998047,2725900,55.81615447998047,USD
2021-03-02,55.47331435336217,56.36805140391103,55.13047684866018,56.02520751953125,2957800,56.02520751953125,USD
2021-03-03,56.09211860299769,57.75614950859311,56.04194242485877,57.33805084228516,4312100,57.33805084228516,USD
2021-03-04,57.36312091064078,57.73941344083748,55.98339439260829,56.62726974487305,2336100,56.62726974487305,USD
2021-03-05,56.91157562110744,57.75613652348,56.03357244706679,57.58053588867188,1889000,57.58053588867188,USD
2021-03-08,57.91502218281264,59.91353306065148,57.38821384267429,59.31147003173828,3717600,59.31147003173828,USD
2021-03-09,59.29473772078587,59.97205531084202,58.97697874891565,59.227840423583984,2493300,59.227840423583984,USD
2021-03-10,59.50380377202969,60.14767289507952,57.93174874279564,59.72121047973633,1830900,59.72121047973633,USD
2021-03-11,59.278006851283,60.666096981102406,59.278006851283,59.880069732666016,2377500,59.880069732666016,USD
2021-03-12,60.2312792469826,61.45212631136555,60.2312792469826,61.41032028198242,2740800,61.41032028198242,USD
2021-03-15,61.51901047729582,63.14123463135201,61.00056606216535,62.76494216918945,3464500,62.76494216918945,USD
2021-03-16,63.6596879176297,63.6596879176297,61.31833968186006,61.69462585449219,4730300,61.69462585449219,USD
2021-03-17,61.70298171613554,62.15452889331505,61.11763994734257,61.77823638916016,2773900,61.77823638916016,USD
2021-03-18,61.53574586247702,61.84514110796051,61.14273855671545,61.46049118041992,2998100,61.46049118041992,USD
2021-03-19,61.2681683246499,61.28489584189436,59.68775606801273,59.72956848144531,4741400,59.72956848144531,USD
2021-03-22,59.495414993444975,60.423594129629855,59.16929868934504,60.23126602172852,1873400,60.23126602172852,USD
2021-03-23,60.42359854819934,60.54066562081251,59.68774108642856,60.047306060791016,2899500,60.047306060791016,USD
2021-03-24,58.94352948588897,60.68282091694306,58.617413140026,59.813175201416016,3121500,59.813175201416016,USD
2021-03-25,59.5874019847098,60.47376879264206,59.06895753081293,60.29816818237305,2669100,60.29816818237305,USD
2021-03-26,60.66329425685832,61.36318556597811,60.29226288806593,61.287296295166016,3082000,61.287296295166016,USD
2021-03-29,60.941574104875706,61.34633626768071,60.37659908122142,60.950008392333984,2530900,60.950008392333984,USD
2021-03-30,60.96686718039617,61.557138538194216,60.83194433662788,61.41378784179688,1344700,61.41378784179688,USD
2021-03-31,60.84881308247951,61.27043732024566,60.21637672583027,60.401885986328125,2316700,60.401885986328125,USD
2021-04-01,60.72232337155732,61.2367054465438,60.23323772100048,61.14394760131836,1753800,61.14394760131836,USD
2021-04-05,61.40536043325069,61.51498043098368,60.09832258012376,60.84038543701172,2412300,60.84038543701172,USD
2021-04-06,60.63800979841959,60.82351908594573,60.05616620681688,60.3765983581543,3748400,60.3765983581543,USD
2021-04-07,60.62955495127227,61.186095492077456,60.19106222605697,61.000579833984375,1717700,61.000579833984375,USD
2021-04-08,60.80664843779976,61.084921980372606,60.35972777253295,60.511512756347656,1482500,60.511512756347656,USD
2021-04-09,60.5283810431317,60.78978603990101,60.1151910471308,60.45249176025391,1621000,60.45249176025391,USD
2021-04-12,60.56209679519352,60.73917817830095,59.78630985011112,60.52836608886719,1713000,60.52836608886719,USD
2021-04-13,60.157342169217216,60.8909706469425,59.87907506629919,60.83194351196289,1344200,60.83194351196289,USD
2021-04-14,60.81508674381463,61.143953158238446,60.157347481491215,60.19951248168945,1089000,60.19951248168945,USD
2021-04-15,60.4693592767653,61.00903789235103,60.36816712378926,60.90785217285156,1974100,60.90785217285156,USD
2021-04-16,61.21142580071293,61.40537585068017,60.62115422859981,61.23672866821289,2071200,61.23672866821289,USD
2021-04-19,61.49811585588348,61.63303227594663,60.97529944863383,61.58243942260742,1429400,61.58243942260742,USD
2021-04-20,61.44751866276855,62.68708851636405,61.41378795176608,62.47627639770508,2100500,62.47627639770508,USD
2021-04-21,62.59434319739889,63.37013032556372,62.096823203515925,63.1340217590332,1626800,63.1340217590332,USD
2021-04-22,63.1424520615017,63.32796778053553,62.30763775932565,62.3835334777832,1688200,62.3835334777832,USD
2021-04-23,62.450983938720086,63.16775033445849,62.020931821447896,62.88947677612305,2009000,62.88947677612305,USD
2021-04-26,63.24365025475561,63.60624744022194,62.94008021885464,63.00754165649414,1609200,63.00754165649414,USD
2021-04-27,63.03283331033984,63.03283331033984,62.31607328180046,62.720829010009766,2088500,62.720829010009766,USD
2021-04-28,62.59433310550011,62.73768379299936,61.894435372215696,62.08837890625,1747400,62.08837890625,USD
2021-04-29,62.4594061080285,62.90632671190662,61.56556490027227,62.01248550415039,3295500,62.01248550415039,USD
2021-04-30,61.91973987998053,62.703961271039525,61.64990060743743,62.59434127807617,1872900,62.59434127807617,USD
2021-05-03,63.01596560313067,63.0581241696292,61.717362092327306,61.89444351196289,1641400,61.89444351196289,USD
2021-05-04,61.936587178581696,62.34978349180586,60.60425970848342,60.99215316772461,2865100,60.99215316772461,USD
2021-05-05,60.71388858453572,60.75605358055392,59.85377799365052,60.65486145019531,1971900,60.65486145019531,USD
2021-05-06,60.958438906525465,62.20644316709438,60.87411533759123,62.04623031616211,1499600,62.04623031616211,USD
2021-05-07,61.80169135871501,62.73769782988423,61.79325707124711,62.44256210327149,1593000,62.44256210327149,USD
2021-05-10,62.84731822174403,63.47132039522392,62.54374820578596,62.90634536743164,1089600,62.90634536743164,USD
2021-05-11,62.543743151176685,63.04126313902952,61.93660316832787,62.56061172485352,1464100,62.56061172485352,USD
2021-05-12,62.83045466071616,62.83045466071616,60.39346673406423,60.69703674316406,2618700,60.69703674316406,USD
2021-05-13,60.71389181287003,62.72082092063317,60.638002536172166,62.24860382080078,1951000,62.24860382080078,USD
2021-05-14,62.35822710939393,62.70396209969277,62.00406426577742,62.45941925048828,1652100,62.45941925048828,USD
2021-05-17,62.44254151919448,62.68707787386524,62.0377794893573,62.37508010864258,1709300,62.37508010864258,USD
2021-05-18,61.99562747721296,63.1340181097894,61.742656784899175,62.81357955932617,2147900,62.81357955932617,USD
2021-05-19,62.45097682893682,62.501576109630925,61.27043417065728,61.978759765625,1792500,61.978759765625,USD
2021-05-20,61.93660670729948,62.98223959682993,61.784821702914485,62.83888244628906,1304700,62.83888244628906,USD
2021-05-21,62.90634398918366,63.38699543167371,62.76299327186542,63.24364471435547,2522700,63.24364471435547,USD
2021-05-24,63.69055754287155,64.7108874457174,63.55564112961922,64.2386703491211,2591900,64.2386703491211,USD
2021-05-25,64.26397558687852,64.49165631358407,63.95197128614274,64.22181701660156,2043500,64.22181701660156,USD
2021-05-26,64.08688980573457,64.81208407347754,64.01100052429621,64.41575622558594,1902000,64.41575622558594,USD
2021-05-27,64.66030503119701,64.89641361760343,64.49165787904285,64.66873931884766,8639200,64.66873931884766,USD
2021-05-28,65.00603841642999,65.57944778290202,64.6771719420466,65.30960845947266,2286500,65.30960845947266,USD
2021-06-01,65.96732516753862,66.82743570487246,65.63002452081908,66.80213928222656,2165200,66.80213928222656,USD
2021-06-02,67.13945250754914,67.52734607223246,66.7262560820047,67.45988464355469,2736600,67.45988464355469,USD
2021-06-03,67.24064310362381,67.40929668757471,66.81059093987093,67.04669952392578,2279100,67.04669952392578,USD
2021-06-04,67.1647314592393,67.29121999672991,66.4311030885732,66.51542663574219,2774400,66.51542663574219,USD
2021-06-07,66.76841568315689,67.26592920409642,66.52387284908518,67.00452423095703,2459400,67.00452423095703,USD
2021-06-08,67.2406372482955,67.85621151752824,67.08042439933902,67.18161010742188,1471500,67.18161010742188,USD
2021-06-09,67.51047940272392,67.51047940272392,66.76842296676352,66.91177368164062,1510000,66.91177368164062,USD
2021-06-10,67.05511231363748,69.18853624536267,66.79370735908546,68.13447570800781,3180300,68.13447570800781,USD
2021-06-11,68.13448830590303,68.22724616501895,67.6201061538879,68.09232330322266,1974000,68.09232330322266,USD
2021-06-14,67.63696368618938,68.25253794260739,67.48517869374902,68.22724151611328,1285100,68.22724151611328,USD
2021-06-15,67.99111904798636,68.17663473317876,67.173173469554,67.21533203125,1640600,67.21533203125,USD
2021-06-16,67.2321950999432,67.56106144824021,66.71781308163774,66.77684020996094,3237000,66.77684020996094,USD
2021-06-17,66.76000036065801,66.7684346493254,66.06853665990883,66.60821533203125,2450900,66.60821533203125,USD
2021-06-18,66.30462079351662,67.06354565643709,65.38548310593367,65.46137237548828,4093000,65.46137237548828,USD
2021-06-21,65.86613598603634,67.26592504726682,65.67218601462864,66.92019653320312,1898200,66.92019653320312,USD
2021-06-22,66.98765193491992,67.08883762093465,66.43110492794109,66.6672134399414,2144700,66.6672134399414,USD
2021-06-23,66.72624938195732,66.98766078346615,66.48170655266209,66.65036010742188,1571400,66.65036010742188,USD
2021-06-24,66.5997694354018,66.80214727425556,65.7986794994183,66.19500732421875,1921200,66.19500732421875,USD
2021-06-25,66.19757344599607,66.79241424812163,65.9681302199773,66.76692199707031,2378700,66.76692199707031,USD
2021-06-28,66.76692324170723,66.8773918260817,65.46676654762557,66.06160736083984,1358700,66.06160736083984,USD
2021-06-29,65.97661401315112,66.42699429604656,65.8576458811892,65.90863037109375,1593800,65.90863037109375,USD
2021-06-30,66.06160237090118,66.52048231355315,65.27131021688027,65.43276977539062,2074900,65.43276977539062,USD
2021-07-01,65.53472916653782,66.88586992987327,65.33927782878865,66.29952239990234,1867600,66.29952239990234,USD
2021-07-02,66.45248822661618,67.0303362322075,66.29103517673073,66.66493225097656,1661800,66.66493225097656,USD
2021-07-06,66.63095146084896,67.18330077526976,65.95962752004974,67.05583953857422,2081300,67.05583953857422,USD
2021-07-07,66.79240010634008,67.81213531543607,66.56296341217784,67.61668395996094,2264800,67.61668395996094,USD
2021-07-08,67.30228126915205,68.305017575929,66.75842494852171,68.28802490234375,1388200,68.28802490234375,USD
2021-07-09,68.78935679151273,69.47767968194012,68.3899675628396,69.43518829345703,1431400,69.43518829345703,USD
2021-07-12,69.29074463698362,70.09802934642036,69.0698010335456,70.0300521850586,1266500,70.0300521850586,USD
2021-07-13,69.88559581088404,69.88559581088404,68.59393878522114,69.04431915283203,1054700,69.04431915283203,USD
2021-07-14,69.12927401044495,70.45492893510317,69.12927401044495,70.32746124267578,1556100,70.32746124267578,USD
2021-07-15,70.31898789601435,70.85434462396142,70.10654382382094,70.7183837890625,1165900,70.7183837890625,USD
2021-07-16,70.91381110099663,71.40668278212027,70.87132618707166,71.17724609375,1985100,71.17724609375,USD
2021-07-19,70.41244927371444,70.78635283825241,69.35022913198364,70.02155303955078,1890600,70.02155303955078,USD
2021-07-20,70.31896948610614,72.45190922783003,70.0640340729062,72.12899017333984,2260800,72.12899017333984,USD
2021-07-21,72.2564556614256,72.63035919376496,71.84856679276147,71.98452758789062,1300400,71.98452758789062,USD
2021-07-22,71.6106318920565,71.80608325533437,70.9648066987848,71.29621887207031,1587100,71.29621887207031,USD
2021-07-23,71.63613740998402,72.16299451319306,71.35570970346939,72.07801818847656,1191900,72.07801818847656,USD
2021-07-26,71.84856787610624,72.40091712394748,71.26222032487425,71.79757690429688,1210200,71.79757690429688,USD
2021-07-27,71.87406410263607,72.50289660139414,71.30471567155406,72.09500122070312,1425100,72.09500122070312,USD
2021-07-28,72.08650692992289,72.93628301590587,71.38119122257054,71.51715850830078,2267800,71.51715850830078,USD
2021-07-29,71.82307879045861,72.24796687400747,71.53415800561865,71.78059387207031,1256400,71.78059387207031,USD
2021-07-30,72.07803173225464,72.8683240188456,71.483190864188,71.49168395996094,2843600,71.49168395996094,USD
2021-08-02,72.03551022324262,72.64734999378189,71.14324929393663,71.31320190429688,1906400,71.31320190429688,USD
2021-08-03,71.38119185006222,71.70410443159466,70.83733566891439,71.67011260986328,1066500,71.67011260986328,USD
2021-08-04,71.59363910130092,71.76359173434321,71.16025145878251,71.38119506835938,975800,71.38119506835938,USD
2021-08-05,72.07801079851211,72.17148669109982,71.15175793249597,71.9080581665039,1218500,71.9080581665039,USD
2021-08-06,72.47740170150314,72.72383753950128,71.75509333952347,71.95903778076172,875200,71.95903778076172,USD
2021-08-09,71.60212786299076,71.74658822758482,70.8713199813925,71.06676483154297,816000,71.06676483154297,USD
2021-08-10,71.00728915477204,71.15175601970033,69.73262499914577,69.76661682128906,1430400,69.76661682128906,USD
2021-08-11,70.11502548282715,70.14901730368427,69.24825025916263,69.63065338134766,1436600,69.63065338134766,USD
2021-08-12,69.8855931597594,70.00456130958587,69.40972056045352,69.67314910888672,1057300,69.67314910888672,USD
2021-08-13,69.80061307255068,70.36996154220459,69.5286849614266,70.24250030517578,735600,70.24250030517578,USD
2021-08-16,70.01305079513477,70.81184238592577,69.63914724484503,70.21699523925781,707200,70.21699523925781,USD
2021-08-17,69.80909844369246,70.20849419384817,69.35021863393547,70.14051055908203,758000,70.14051055908203,USD
2021-08-18,69.90258980702652,70.11503385027872,69.39272539987674,69.45220947265625,1026100,69.45220947265625,USD
2021-08-19,69.13777841992287,70.40394289114522,68.8828430172418,70.00454711914062,1119100,70.00454711914062,USD
2021-08-20,69.81760804064871,70.57390825697341,69.34172901225321,70.11502838134766,1418800,70.11502838134766,USD
2021-08-23,70.19150941247977,70.56541299695935,69.59666869469645,69.97056579589844,959100,69.97056579589844,USD
2021-08-24,70.08954524476785,70.08954524476785,68.86586541739506,69.48619842529297,942300,69.48619842529297,USD
2021-08-25,69.4861921310775,70.22549970702676,69.06130406098016,69.64765167236328,1876600,69.64765167236328,USD
2021-08-26,69.96208524230681,70.77786972289307,69.81762482542022,70.35298156738281,1282500,70.35298156738281,USD
2021-08-27,70.83733410975644,71.26222214713104,70.17450980877636,70.8288345336914,1013100,70.8288345336914,USD
2021-08-30,70.85431994589631,71.83156363427449,70.7098595831062,71.68710327148438,1172200,71.68710327148438,USD
2021-08-31,71.57664875498934,71.72960872300408,71.25372966513734,71.44068145751953,2131600,71.44068145751953,USD
2021-09-01,71.38119937366913,72.75783912414133,71.1602557507662,72.70684814453125,2072400,72.70684814453125,USD
2021-09-02,72.9107988782806,73.11474334627744,72.09500803973779,73.06375885009766,2007800,73.06375885009766,USD
2021-09-03,72.78332129481555,72.94477433860584,71.77208570238749,72.73233032226562,1227900,72.73233032226562,USD
2021-09-07,72.63885433851519,72.63885433851519,70.19149534271257,70.82032775878906,1468700,70.82032775878906,USD
2021-09-08,70.42944148567918,71.79758153800027,70.19150521280199,71.39818572998047,1452900,71.39818572998047,USD
2021-09-09,70.98179233662022,71.1092600406273,69.98755591526299,70.0810317993164,1273700,70.0810317993164,USD
2021-09-10,70.31897957297883,70.31897957297883,69.17178301557372,69.18028259277344,1411000,69.18028259277344,USD
2021-09-13,69.6306365479685,70.5398964654309,69.4691770587496,69.63912963867188,1338800,69.63912963867188,USD
2021-09-14,69.89409342771218,70.18301422778036,69.12079396292151,69.49469757080078,1322400,69.49469757080078,USD
2021-09-15,69.54568295697418,70.17452202976114,69.3077466519318,69.66465759277344,1384500,69.66465759277344,USD
2021-09-16,69.66465670314498,70.03006073358755,69.10380129132608,69.49469757080078,1602200,69.49469757080078,USD
2021-09-17,69.25673078266692,69.84307818541362,68.17751832127134,68.20301055908203,4448400,68.20301055908203,USD
2021-09-20,67.73564994205333,68.66190923212349,67.38724512372968,68.50894927978516,2692600,68.50894927978516,USD
2021-09-21,68.95932263976908,69.5966546300012,68.5259350710939,68.57691955566406,1508400,68.57691955566406,USD
2021-09-22,69.29074639681104,69.7921112013832,69.05281011780885,69.14628601074219,1649400,69.14628601074219,USD
2021-09-23,69.78362193605379,70.76085935223709,69.64765463586407,70.04705047607422,1639000,70.04705047607422,USD
2021-09-24,69.71576618352202,70.71732949806177,69.71576618352202,69.8013687133789,1283400,69.8013687133789,USD
2021-09-27,70.04104570983914,70.58034742810244,68.53441663952724,68.56009674072266,1810700,68.56009674072266,USD
2021-09-28,68.09783084558434,69.15931622002138,67.5071624893889,68.7997817993164,1662400,68.7997817993164,USD
2021-09-29,68.96243870250201,70.63171719344363,68.96243870250201,69.80992126464844,1426400,69.80992126464844,USD
2021-09-30,70.08385489191295,70.18657530352375,68.58578793275473,69.27061462402344,1999900,69.27061462402344,USD
2021-10-01,69.869843680361,70.02393082520094,68.6628266239392,69.80992126464844,1804700,69.80992126464844,USD
2021-10-04,69.63871548640967,71.35079211314896,69.57879306571596,71.04261779785156,1796100,71.04261779785156,USD
2021-10-05,71.38502082890552,71.65039056555374,70.44338016981415,71.20525360107422,2115600,71.20525360107422,USD
2021-10-06,70.91421836480825,71.83874141004617,69.34767304660784,71.68465423583984,1496600,71.68465423583984,USD
2021-10-07,71.90721349560843,72.48075755960863,71.41927195098751,71.5904769897461,1605800,71.5904769897461,USD
2021-10-08,71.47062982206785,72.02705597643994,70.70019411071061,70.8200454711914,1092600,70.8200454711914,USD
2021-10-11,71.17102993727934,71.3165548934991,69.96401922531767,70.82861328125,1225600,70.82861328125,USD
2021-10-12,70.84572313553137,71.83016837000278,70.74299620053372,71.24806213378906,1389700,71.24806213378906,USD
2021-10-13,71.11110346602082,72.09554884694397,70.58891956477605,71.93289947509766,1064700,71.93289947509766,USD
2021-10-14,72.35235559117383,73.07999338458205,72.3009953821536,72.96870422363281,982600,72.96870422363281,USD
2021-10-15,73.3111077746851,73.50799942588631,71.9842460092909,72.4037094116211,1540300,72.4037094116211,USD
2021-10-18,71.98426018185575,72.91734535961018,71.915782078917,72.6006088256836,2212900,72.6006088256836,USD
2021-10-19,72.67764701674709,72.67764701674709,71.83017099793402,71.90721130371094,803800,71.90721130371094,USD
2021-10-20,72.13834601218413,73.00294653999765,71.82161601515396,72.96870422363281,941200,72.96870422363281,USD
2021-10-21,73.07142787655027,73.07142787655027,72.41227474560546,72.84029388427734,792600,72.84029388427734,USD
2021-10-22,73.14847070926353,73.69633470317335,72.8488586080713,73.1142349243164,1341700,73.1142349243164,USD
2021-10-25,73.2511867010661,73.38815594458403,72.42082862263452,72.9858169555664,1037800,72.9858169555664,USD
2021-10-26,72.95158993619442,74.02163788402396,72.48932843900555,73.62786102294922,947000,73.62786102294922,USD
2021-10-27,73.31110975793868,75.14303095427864,73.31110975793868,74.60372924804688,2257500,74.60372924804688,USD
2021-10-28,74.69791411918067,75.39986536009522,74.44109998157944,75.3399429321289,2357500,75.3399429321289,USD
2021-10-29,75.1515852411664,75.36559476519375,73.62783847506013,73.9616928100586,1978200,73.9616928100586,USD
2021-11-01,73.7990554375816,73.95314258108606,72.03561876384981,72.88309478759766,1272200,72.88309478759766,USD
2021-11-02,73.13991690316357,73.33680206139874,71.61616972285668,72.26675415039062,1571200,72.26675415039062,USD
2021-11-03,72.3780505946581,72.78894537643328,71.9585870689835,72.43797302246094,1292700,72.43797302246094,USD
2021-11-04,72.54925633039278,72.66910118709724,71.17103394723662,71.5134506225586,1145600,71.5134506225586,USD
2021-11-05,72.34379176705365,73.13134536163244,72.00993738389408,72.30098724365234,1543100,72.30098724365234,USD
2021-11-08,72.40373243690799,72.54925740347947,71.37648239574787,72.54069519042969,977700,72.54069519042969,USD
2021-11-09,72.69478156216245,73.37105270237039,72.29244245700856,73.32825469970703,967400,73.32825469970703,USD
2021-11-10,73.22549799777903,73.60215684214856,73.01148847821493,73.18269348144531,791700,73.18269348144531,USD
2021-11-11,73.32824890376781,73.64497891645057,72.84030076974537,73.62786102294922,621500,73.62786102294922,USD
2021-11-12,73.84186164448802,74.44108581007558,73.42239819752317,73.9959487915039,927500,73.9959487915039,USD
2021-11-15,74.02162998919216,75.3484853843514,73.91034083461273,75.33136749267578,768500,75.33136749267578,USD
2021-11-16,75.33136125503317,75.40840155777487,74.0644218511715,74.20995330810547,1227900,74.20995330810547,USD
2021-11-17,73.9445861962738,74.72358418621769,71.69320781256317,74.62085723876953,1512300,74.62085723876953,USD
2021-11-18,74.68935190631267,75.39130314722723,74.34693523319598,75.3399429321289,1275900,75.3399429321289,USD
2021-11-19,75.22864122601706,75.22864122601706,73.16559238023233,73.65353393554688,1511300,73.65353393554688,USD
2021-11-22,73.61929268118872,73.95314709063074,72.93445943917473,72.95158386230469,1581800,72.95158386230469,USD
2021-11-23,73.17414743950276,74.59516744039882,72.92589558038924,74.18427276611328,881800,74.18427276611328,USD
2021-11-24,74.13291645591802,75.39985603036644,74.05587614280326,75.17728424072266,1067900,75.17728424072266,USD
2021-11-26,74.0045153708866,74.28700960386301,71.92434184533626,72.13835144042969,1231100,72.13835144042969,USD
2021-11-29,72.85742929268122,74.28701186394537,72.47221462221522,73.80763244628906,1837300,73.80763244628906,USD
2021-11-30,73.26831516798617,74.26988494540169,72.79749802029548,73.02862548828125,3748200,73.02862548828125,USD
2021-12-01,73.95315116493533,74.04731590417643,70.70876509477151,70.7601318359375,2299000,70.7601318359375,USD
2021-12-02,71.12821167157988,73.48231674701415,70.78580161272292,73.1998291015625,2023400,73.1998291015625,USD
2021-12-03,73.21696523811389,73.47377937730917,72.00139224550651,72.7975082397461,1395500,72.7975082397461,USD
2021-12-06,73.48233280566808,74.52670069415385,72.88310854066215,73.75627136230469,1081600,73.75627136230469,USD
2021-12-07,73.98739324005618,74.46677261567636,71.65040572179947,73.7477035522461,2564600,73.7477035522461,USD
2021-12-08,73.91033704778178,75.18583870256322,73.49088014715639,74.98038482666016,1475900,74.98038482666016,USD
2021-12-09,74.93758246726068,74.93758246726068,73.99594178293108,74.15858459472656,1573400,74.15858459472656,USD
2021-12-10,74.5780557857507,74.84342555720838,73.84186235746142,74.35548400878906,1344600,74.35548400878906,USD
2021-12-13,74.27842959236303,75.63953368715045,73.94457522650164,75.30567932128906,1853800,75.30567932128906,USD
2021-12-14,75.47688287114094,75.63097000092051,73.75625087483081,74.52667999267578,2905400,74.52667999267578,USD
2021-12-15,74.86912374264259,76.65824753966153,74.60375390709231,76.38431549072266,2099100,76.38431549072266,USD
2021-12-16,77.04344374587441,77.04344374587441,74.84342566903992,75.4426498413086,1673700,75.4426498413086,USD
2021-12-17,75.4683348740307,75.87066736341524,74.72357924911007,75.03175354003906,2847200,75.03175354003906,USD
2021-12-20,74.18427161956066,74.9119027644458,73.54224298624088,74.24419403076172,1338200,74.24419403076172,USD
2021-12-21,74.65509403001117,75.93915138834859,74.65509403001117,75.31424713134766,1195300,75.31424713134766,USD
2021-12-22,75.4341031840904,76.08468764007226,75.17728906179718,75.71659088134766,1307400,75.71659088134766,USD
2021-12-23,75.85354744165984,76.28156655304217,74.9632669062582,75.4854507446289,1276000,75.4854507446289,USD
2021-12-27,75.65665707504554,76.53838194570854,75.24576237845734,76.5126953125,986100,76.5126953125,USD
2021-12-28,76.40997600841416,77.16328731708424,76.27300675353585,76.95783996582031,752500,76.95783996582031,USD
2021-12-29,77.13762322850542,77.6255648709635,76.37574955047535,77.5142822265625,668800,77.5142822265625,USD
2021-12-30,77.42865994563,78.01932844977458,77.240337009794,77.50570678710938,793800,77.50570678710938,USD
2021-12-31,77.64617806971613,78.5941323299213,77.6117061689105,77.99089050292969,1113400,77.99089050292969,USD
2022-01-03,78.23219111124756,78.58552318088587,76.86196750423413,78.4734878540039,1430500,78.4734878540039,USD
2022-01-04,78.86989230524021,80.17117847474974,78.74924395308354,79.49899291992188,1551500,79.49899291992188,USD
2022-01-05,79.49900398700387,79.71444844225321,77.77544834500921,77.9564208984375,1949500,77.9564208984375,USD
2022-01-06,78.45624192628559,78.80956736134725,77.7754367601245,78.18047332763672,1509700,78.18047332763672,USD
2022-01-07,77.7668151152776,78.24941508146583,77.06877730638845,77.25836944580078,1426700,77.25836944580078,USD
2022-01-10,76.98259698006073,78.08567129039088,76.64650423159583,77.28421783447266,1698900,77.28421783447266,USD
2022-01-11,77.49967672780792,78.18048196922098,76.49139829394062,78.03398132324219,1969900,78.03398132324219,USD
2022-01-12,77.8788636509207,78.90437478175299,77.6203276760107,78.40454864501953,1095900,78.40454864501953,USD
2022-01-13,78.70617961918578,79.39559801560193,78.58553123544185,78.82682800292969,1509300,78.82682800292969,USD
2022-01-14,78.4390094889808,78.61136898735133,77.3876461357122,78.27527618408203,1379600,78.27527618408203,USD
2022-01-18,78.12876074558635,78.14599340473859,76.8102354884136,77.77542877197266,1363400,77.77542877197266,USD
2022-01-19,77.95640455710209,78.54241361553392,76.82747795219258,76.88780212402344,1650700,76.88780212402344,USD
2022-01-20,76.6637541495083,77.80992022913644,76.12083648934691,76.13806915283203,1902300,76.13806915283203,USD
2022-01-21,76.51724608797088,76.76716242078243,75.70717291091567,75.88814544677734,1070900,75.88814544677734,USD
2022-01-24,75.86229131949403,76.37074359106637,73.72508626482447,76.12944030761719,2786400,76.12944030761719,USD
2022-01-25,75.18148480425187,76.25870693064469,73.87158559148872,75.50896453857422,3154000,75.50896453857422,USD
2022-01-26,75.72440905863546,77.02568865506048,74.8971032535113,75.31075286865234,2131100,75.31075286865234,USD
2022-01-27,75.85366801580997,76.79300909992347,74.56962112177338,74.69026947021484,2949800,74.69026947021484,USD
2022-01-28,74.73336047980014,76.6120360605136,73.3889894206106,76.6034164428711,2692600,76.6034164428711,USD
2022-01-31,76.11221360699223,76.8447234082996,75.3193796238088,76.46554565429688,3499500,76.46554565429688,USD
2022-02-01,76.0346427209857,76.82747655775582,75.52619050348994,75.922607421875,1971400,75.922607421875,USD
2022-02-02,76.53448091334987,79.74891485745194,76.474156733024,79.28355407714844,3965700,79.28355407714844,USD
2022-02-03,79.31801782604694,79.62825831436962,78.68030418886893,78.93021392822266,2247000,78.93021392822266,USD
2022-02-04,78.48210795232824,78.79234850200643,76.98261634544573,77.66342163085938,1718900,77.66342163085938,USD
2022-02-07,77.45657707784143,78.1546214836503,76.92227911333529,77.17219543457031,2600200,77.17219543457031,USD
2022-02-08,77.44795377350248,77.51689098328308,75.09529807830344,75.13838958740234,1830400,75.13838958740234,USD
2022-02-09,76.27595395890276,77.93918535496208,76.250101677203,77.83576965332031,2114600,77.83576965332031,USD
2022-02-10,76.73269412925755,77.56000000701795,74.42312942161043,74.94881439208984,1953800,74.94881439208984,USD
2022-02-11,75.20735041632116,75.54344982819526,73.86297906819775,74.44036865234375,2174400,74.44036865234375,USD
2022-02-14,74.68168099407862,75.34524712878834,73.4924232041723,74.04396057128906,1588400,74.04396057128906,USD
2022-02-15,74.61272832905736,75.18149829493585,74.16460016215358,74.38866424560547,1370800,74.38866424560547,USD
2022-02-16,74.7075054862138,74.90571066089406,73.4234520726696,74.31108856201172,1048100,74.31108856201172,USD
2022-02-17,73.94915036042198,74.1215098640373,72.94949153882432,73.19078826904297,1453300,73.19078826904297,USD
2022-02-18,73.0356778196066,73.88883610893251,72.59616924486868,72.6995849609375,3433500,72.6995849609375,USD
2022-02-22,72.62202281396374,73.63030798263885,72.29454956955566,72.95812225341797,2123800,72.95812225341797,USD
2022-02-23,73.2597210869022,73.81125826609549,72.09632255500516,72.15664672851562,1096500,72.15664672851562,USD
2022-02-24,71.26040655833344,73.24249150259318,70.64854512500699,72.9322509765625,2081900,72.9322509765625,USD
2022-02-25,73.56996353624615,75.28489929312234,73.38899101088312,75.19872283935547,1513200,75.19872283935547,USD
2022-02-28,74.13013338969516,74.84541063743886,72.7771423255124,73.50965881347656,1969800,73.50965881347656,USD
2022-03-01,73.65614723694445,74.14736030407163,71.60511193134741,72.07047271728516,1919400,72.07047271728516,USD
2022-03-02,72.41518483487671,74.18183189023378,72.30315609191537,73.68199920654297,2354100,73.68199920654297,USD
2022-03-03,74.1301234087922,74.76784371421212,73.42346587630333,74.70751953125,1346300,74.70751953125,USD
2022-03-04,74.0094803857688,76.47416559588245,73.94915619845175,76.36213684082031,2325200,76.36213684082031,USD
2022-03-07,76.50861901155174,77.8616096643019,75.54343224770963,75.63822174072266,1720600,75.63822174072266,USD
2022-03-08,75.26767434758993,75.67271098951964,73.97500757113845,74.18183898925781,1364500,74.18183898925781,USD
2022-03-09,75.31075019062645,76.39659189773313,75.0608338768964,75.64684295654297,1157700,75.64684295654297,USD
2022-03-10,74.86263051635719,75.56928796123181,74.45759394889697,75.40554809570312,718200,75.40554809570312,USD
2022-03-11,76.02603764142467,76.4569265361733,74.69027943776678,74.80231475830078,931000,74.80231475830078,USD
2022-03-14,74.97467328870106,75.58653477598398,73.97500782226028,74.44036865234375,1286300,74.44036865234375,USD
2022-03-15,75.44864045692741,75.89676196913722,74.68165882796308,75.31075286865234,1291800,75.31075286865234,USD
2022-03-16,75.86229162342607,76.76716085916975,74.41450479114154,76.02603149414062,1613700,76.02603149414062,USD
2022-03-17,75.66408455589941,77.00845566156842,75.66408455589941,76.97398376464844,1129400,76.97398376464844,USD
2022-03-18,77.55999704425254,77.92194211916355,76.53447942382897,76.6982192993164,2992800,76.6982192993164,USD
2022-03-21,76.77576934667013,77.27560197246586,76.25870406043121,76.6034164428711,815400,76.6034164428711,USD
2022-03-22,77.31006992364345,77.54275356422606,75.61236695099252,75.922607421875,1434300,75.922607421875,USD
2022-03-23,75.91400161646058,76.11221339913651,75.17287877322538,75.35385131835938,1342100,75.35385131835938,USD
2022-03-24,75.23318926701288,75.99155120981366,75.0349775203996,75.922607421875,1102700,75.922607421875,USD
2022-03-25,76.62131019710588,77.2896239378075,75.97904007194614,77.26358032226562,854400,77.26358032226562,USD
2022-03-28,77.38509506406007,78.27038593380753,77.03791970701079,78.18359375,1195300,78.18359375,USD
2022-03-29,78.94737391733878,80.74399926431464,78.74775255757432,80.61380767822266,2144400,80.61380767822266,USD
2022-03-30,80.10172322757296,80.42286156657117,78.7390655206206,79.41605377197266,916900,79.41605377197266,USD
2022-03-31,79.85003012898191,80.11908789412998,78.01868651693036,78.04472351074219,2414000,78.04472351074219,USD
2022-04-01,78.50472443403241,80.11908419400386,78.06208231603505,79.98889923095703,1141500,79.98889923095703,USD
2022-04-04,80.00623086815374,80.21453336796975,78.19224367604711,79.02546691894531,870300,79.02546691894531,USD
2022-04-05,78.93868715236884,80.20587810446868,78.42660867077973,78.80850219726562,1139500,78.80850219726562,USD
2022-04-06,78.80851142504362,80.45758285308365,78.18359708010153,80.38815307617188,1136100,80.38815307617188,USD
2022-04-07,79.57228742841282,79.99757375831454,78.53944257683241,79.554931640625,1162900,79.554931640625,USD
2022-04-08,79.69379002295838,79.99756594321178,79.03415758053784,79.650390625,1177400,79.650390625,USD
2022-04-11,79.71983311480012,80.17983763236688,77.82773443863312,77.98396301269531,992100,77.98396301269531,USD
2022-04-12,77.87112754810404,78.73038132511088,77.27225029228373,78.33981323242188,1335700,78.33981323242188,USD
2022-04-13,78.608878422689,79.1383193410777,77.93189013276746,78.4266128540039,860800,78.4266128540039,USD
2022-04-14,78.64360193889294,79.17304289309033,78.16623497303647,78.48737335205078,1650100,78.48737335205078,USD
2022-04-18,78.63492024023572,79.10360599782186,77.31566177659354,77.78434753417969,1121200,77.78434753417969,USD
2022-04-19,78.34848755330528,79.29454012270519,78.34848755330528,78.9473648071289,1261100,78.9473648071289,USD
2022-04-20,79.15566917053538,80.84814638976204,79.09491398554684,80.52700805664062,1361000,80.52700805664062,USD
2022-04-21,81.07382353568516,81.86364105931324,80.648530554989,80.92626953125,1410100,80.92626953125,USD
2022-04-22,80.7960713076853,80.83947070927901,79.00812720858286,79.1122817993164,1620500,79.1122817993164,USD
2022-04-25,79.11229133854442,79.37266791404558,77.2809476170279,78.35718536376953,1512000,78.35718536376953,USD
2022-04-26,78.16622356655033,78.93868518270895,77.19414060966857,77.32432556152344,1398900,77.32432556152344,USD
2022-04-27,75.97904524237921,76.63867782278872,74.57298788930576,74.72053527832031,2333300,74.72053527832031,USD
2022-04-28,74.98958984776878,75.08506323327326,73.41862290017076,74.6858139038086,2154600,74.6858139038086,USD
2022-04-29,74.41675250971707,74.5295883089981,70.5197258229636,70.73670959472656,2796400,70.73670959472656,USD
2022-05-02,71.12727759133122,71.60464453697205,67.74233605612972,69.43480682373047,2658300,69.43480682373047,USD
2022-05-03,69.29594124452446,70.24199402931704,68.94877247172487,69.6083984375,1454700,69.6083984375,USD
2022-05-04,69.49556476342197,69.85142134094116,67.43855614605806,69.63443756103516,1803000,69.63443756103516,USD
2022-05-05,69.63442825852341,69.63442825852341,66.98722384858426,67.5427017211914,1909500,67.5427017211914,USD
2022-05-06,67.0827087577227,67.11742695845473,65.31212025130809,66.37100219726562,1828300,66.37100219726562,USD
2022-05-09,65.78080527186269,65.91967145137384,63.25511082767109,63.58493041992188,2214200,63.58493041992188,USD
2022-05-10,64.14040277787927,64.61776309165433,62.36981444651983,63.17699432373047,3045800,63.17699432373047,USD
2022-05-11,63.38530768762024,65.30344371802053,63.19436088084208,64.07965850830078,2020000,64.07965850830078,USD
2022-05-12,64.0622726540845,64.53095829326915,63.315848112622,64.33133697509766,1979000,64.33133697509766,USD
2022-05-13,64.7219305907868,65.2166534127817,63.836639559466576,65.0604248046875,1569500,65.0604248046875,USD
2022-05-16,65.01702136942596,65.26004213737401,64.20984146341601,64.50493621826172,1069200,64.50493621826172,USD
2022-05-17,65.29476045894795,65.82419477764996,64.22719737279957,65.80683898925781,2010400,65.80683898925781,USD
2022-05-18,65.85023384432834,65.94570722843858,63.8279436126389,64.01889038085938,1347900,64.01889038085938,USD
2022-05-19,63.47209613510185,64.20116511592829,62.82982596809792,63.65436172485352,1910800,63.65436172485352,USD
2022-05-20,64.5049357886975,64.90418513649902,63.32454353353678,64.24455261230469,2265900,64.24455261230469,USD
2022-05-23,64.6958831212194,65.93703057856654,63.88870321368847,65.80683898925781,2051200,65.80683898925781,USD
2022-05-24,65.70268462577872,66.27552497203502,64.46153716404274,66.15401458740234,1931000,66.15401458740234,USD
2022-05-25,65.75476631205765,66.42307343848641,65.18192595641635,66.17137145996094,2027500,66.17137145996094,USD
2022-05-26,66.6313779188746,66.99591571099431,66.18873576429006,66.27552795410156,1556100,66.27552795410156,USD
2022-05-27,66.46647961237109,67.94196681268103,66.31893221670413,67.81177520751953,1164100,67.81177520751953,USD
2022-05-31,66.98724005068969,67.65554725156251,66.54459123764293,66.68346405029297,3846500,66.68346405029297,USD
2022-06-01,66.92647039988515,67.34307550424177,65.35551012144849,66.77892303466797,1783100,66.77892303466797,USD
2022-06-02,66.45779153987901,67.58610983894212,66.08457917527993,67.56006622314453,2177800,67.56006622314453,USD
2022-06-03,67.00458319209099,67.20421116713416,65.82419099468338,66.02381896972656,1601400,66.02381896972656,USD
2022-06-06,66.4404365655144,66.44911114906716,63.99285977427565,64.09700775146484,1833400,64.09700775146484,USD
2022-06-07,63.85399448115485,65.88496635872329,63.63701067407986,65.8328857421875,2265900,65.8328857421875,USD
2022-06-08,65.47702071011324,65.93702521601593,64.0709635792061,64.35738372802734,1443400,64.35738372802734,USD
2022-06-09,64.15776478776226,64.38342978118482,62.57812307744379,62.68227767944336,1859800,62.68227767944336,USD
2022-06-10,61.77962266633797,63.45473772799113,61.3977290910949,62.70831298828125,1910100,62.70831298828125,USD
2022-06-13,61.86642122005691,61.9532134174094,59.80941899333989,60.1739501953125,1829600,60.1739501953125,USD
2022-06-14,60.23468961289902,60.69469409797468,59.41882860355366,59.69656753540039,1539800,59.69656753540039,USD
2022-06-15,60.13053699320292,60.85960585173718,59.23656498406984,60.01770782470703,2153400,60.01770782470703,USD
2022-06-16,58.74184850739829,60.03506996713879,58.56826413413277,59.66185760498047,1594300,59.66185760498047,USD
2022-06-17,60.84225400011671,61.28490279025316,59.80941565222478,61.09395599365234,4488700,61.09395599365234,USD
2022-06-21,61.40641128216757,62.78642497915205,61.25018269177125,61.84906005859375,2555500,61.84906005859375,USD
2022-06-22,61.56262450928362,62.81245292055287,61.33695957462268,61.93583679199219,2335600,61.93583679199219,USD
2022-06-23,62.144147562433496,63.53284230257916,61.944526211378815,63.06416320800781,1980700,63.06416320800781,USD
2022-06-24,63.480004107386925,63.5150235282553,62.56076267758906,62.87593078613281,3067200,62.87593078613281,USD
2022-06-27,62.71834630996412,64.80195174307919,62.42069125349263,64.09282684326172,1932300,64.09282684326172,USD
2022-06-28,64.32921315618975,65.11712682740966,63.40997163407019,63.51502990722656,1343200,63.51502990722656,USD
2022-06-29,63.27864687196488,63.43623093312187,62.76212541994976,63.38370513916016,1065200,63.38370513916016,USD
2022-06-30,62.8846927757674,64.38173808180575,62.34190172404718,63.22612380981445,1946900,63.22612380981445,USD
2022-07-01,63.287419740634704,64.06658372221229,62.902212674048535,63.84771728515625,1165800,63.84771728515625,USD
2022-07-05,63.409974095371005,63.47125642060621,61.75534463474804,63.26114654541016,2014500,63.26114654541016,USD
2022-07-06,63.4712569857866,64.04906749681149,62.74461892347563,63.30491638183594,1023700,63.30491638183594,USD
2022-07-07,63.37495178777568,64.1366092347262,62.657070290833616,62.96348190307617,1270100,62.96348190307617,USD
2022-07-08,62.87593620008285,63.01601389561775,62.0092271665951,62.48197937011719,1644800,62.48197937011719,USD
2022-07-11,62.30689569917283,62.66583986200231,61.85165644896872,62.341915130615234,1067500,62.341915130615234,USD
2022-07-12,61.8166246712458,62.9109566379804,61.8166246712458,62.41194152832031,968000,62.41194152832031,USD
2022-07-13,61.92167541174626,62.43819683115888,61.168774575882345,61.97420120239258,865900,61.97420120239258,USD
2022-07-14,60.809842042769,61.71157057572098,60.809842042769,61.32637023925781,1126900,61.32637023925781,USD
2022-07-15,62.22810345095009,62.73587515909378,61.51897169327589,62.43821334838867,1134600,62.43821334838867,USD
2022-07-18,62.63957507575872,62.84092845140938,61.75535282641346,62.04425811767578,1213000,62.04425811767578,USD
2022-07-19,62.47323052689327,63.59382551188765,62.22810120883487,63.53254318237305,1018800,63.53254318237305,USD
2022-07-20,62.928460536182,63.70762433151804,62.59578603591366,63.18234634399414,1507200,63.18234634399414,USD
2022-07-21,63.17360221754669,63.63759792652512,62.70959982929567,63.62884140014648,1523600,63.62884140014648,USD
2022-07-22,63.81268023579524,64.5218051587083,63.74264139224854,64.18037414550781,1087400,64.18037414550781,USD
2022-07-25,64.06656912603768,64.99456047036504,63.83894621316173,64.34671783447266,1393100,64.34671783447266,USD
2022-07-26,64.42549839032331,64.74942300699111,64.13659987196687,64.38172912597656,1065300,64.38172912597656,USD
2022-07-27,65.65115789351937,66.73673995432213,65.0733541198538,66.281494140625,2112800,66.281494140625,USD
2022-07-28,66.71923363020484,68.18125960231352,66.71923363020484,68.06745147705078,1761600,68.06745147705078,USD
2022-07-29,68.24253958777925,69.0479730011491,68.11997494038494,68.62774658203125,1817400,68.62774658203125,USD
2022-08-01,68.2863169588325,68.86412746222726,66.87681680521223,66.95561218261719,1730800,66.95561218261719,USD
2022-08-02,66.9293511085633,67.47214225533543,65.94883378442438,66.1239242553711,1897900,66.1239242553711,USD
2022-08-03,66.3077606878165,67.07817466747616,65.029581751612,65.23094177246094,2073100,65.23094177246094,USD
2022-08-04,64.77569307213538,65.6248957098696,64.2066391384635,65.5986328125,2387600,65.5986328125,USD
2022-08-05,65.29221878699363,65.89628544188342,64.7494277708433,65.8525161743164,1402600,65.8525161743164,USD
2022-08-08,66.21146241201798,66.83304220047954,65.97508963358376,66.31652069091797,1139700,66.31652069091797,USD
2022-08-09,66.42156599902854,67.87483517068496,66.30775121596113,67.81355285644531,1601300,67.81355285644531,USD
2022-08-10,68.53144087723035,68.94291074656,67.82231593263276,68.83785247802734,1149400,68.83785247802734,USD
2022-08-11,69.18804002719759,69.94094092016844,68.76782031161085,68.83785247802734,1194500,68.83785247802734,USD
2022-08-12,69.18805205789393,70.02849831447953,69.18805205789393,70.00223541259766,914800,70.00223541259766,USD
2022-08-15,70.0372512469786,70.29113708426163,69.55574247294652,70.01974487304688,758300,70.01974487304688,USD
2022-08-16,69.7921240541076,70.60630739173065,69.75710462590874,70.18608093261719,847700,70.18608093261719,USD
2022-08-17,69.5820157487255,70.8076623672318,69.52948326559442,70.53627014160156,808600,70.53627014160156,USD
2022-08-18,70.49250113879145,70.81642587950412,69.0304749001665,69.27560424804688,1032700,69.27560424804688,USD
2022-08-19,69.00420933833996,69.38941640118864,68.37387293705066,68.68904113769531,1031500,68.68904113769531,USD
2022-08-22,68.14622952875389,68.48766720973937,65.77371888741807,67.17446899414062,966700,67.17446899414062,USD
2022-08-23,67.06940910689246,67.1657108413775,65.64240281839716,65.94881439208984,891700,65.94881439208984,USD
2022-08-24,65.88754270038983,67.38458806974653,65.88754270038983,67.14820861816406,1444700,67.14820861816406,USD
2022-08-25,67.46336899861952,68.1374811710738,67.23575277868711,68.02366638183594,900700,68.02366638183594,USD
2022-08-26,68.13749399871764,68.2162827021567,66.5441467628671,66.56165313720703,1250800,66.56165313720703,USD
2022-08-29,66.20270762728319,66.20270762728319,65.39727424100035,65.41478729248047,895300,65.41478729248047,USD
2022-08-30,65.37101150645174,65.64241037089512,64.39049435782157,64.53932189941406,950800,64.53932189941406,USD
2022-08-31,65.1258866913641,65.31849019571992,64.04906772322579,64.06657409667969,1831600,64.06657409667969,USD
2022-09-01,63.60258119207237,65.00332490466856,63.0773031347579,64.95954895019531,1327600,64.95954895019531,USD
2022-09-02,65.40602991207142,65.87878210677555,64.43426262505828,64.60935974121094,1103900,64.60935974121094,USD
2022-09-06,64.97705108358178,65.79123427333222,64.67938933758944,65.58987426757812,1205100,65.58987426757812,USD
2022-09-07,65.56361586570465,66.7630060986318,65.56361586570465,66.7542495727539,972000,66.7542495727539,USD
2022-09-08,66.43907508371079,67.38457940998667,66.07138118324957,67.2182388305664,785200,67.2182388305664,USD
2022-09-09,67.30578521730823,68.15498782076264,66.85930262150427,67.60344696044922,1443700,67.60344696044922,USD
2022-09-12,67.82231909246966,68.21627592909563,67.59469617301326,67.90110778808594,1339200,67.90110778808594,USD
2022-09-13,67.05191256152416,67.20074680189866,65.41479603086177,65.65116882324219,1049300,65.65116882324219,USD
2022-09-14,65.3009820499202,65.39728380933452,64.02280295501632,64.96830749511719,1955400,64.96830749511719,USD
2022-09-15,65.08212051693,65.08212051693,63.80394132603561,63.84771728515625,947800,63.84771728515625,USD
2022-09-16,63.9440048488172,64.075326017737,62.79714711074658,64.00528717041016,2838700,64.00528717041016,USD
2022-09-19,63.26114020982923,63.4624935386055,62.0354871486014,63.28740310668945,1078200,63.28740310668945,USD
2022-09-20,62.630812912657696,62.72711466774632,60.8185992985025,61.16003036499024,2127900,61.16003036499024,USD
2022-09-21,61.65903110696179,61.77283920944066,60.126966589431845,60.13572311401367,1643500,60.13572311401367,USD
2022-09-22,59.95189021002589,60.64350219068004,59.286534450722165,60.267051696777344,1753200,60.267051696777344,USD
2022-09-23,60.0064139278233,61.94125192170966,59.77671224324212,60.421653747558594,1989600,60.421653747558594,USD
2022-09-26,60.17428517298285,60.17428517298285,57.94789471094616,58.55750274658203,2452900,58.55750274658203,USD
2022-09-27,58.83139054251638,59.48517571395617,57.95674038239104,58.0097541809082,1370100,58.0097541809082,USD
2022-09-28,58.72537687089683,59.78555848268081,58.01858463606064,59.52934646606445,1823300,59.52934646606445,USD
2022-09-29,59.0787691537456,59.34381116925362,57.9390702877925,58.50450134277344,1298100,58.50450134277344,USD
2022-09-30,59.175942677473664,59.79438067698891,58.77836961452645,59.387977600097656,2496000,59.387977600097656,USD
2022-10-03,60.12128266865081,60.54535258078838,59.36148344056212,60.1566162109375,3118900,60.1566162109375,USD
2022-10-04,60.2449591647345,61.02242502041912,59.69719499385105,60.50117111206055,1727600,60.50117111206055,USD
2022-10-05,59.776725841047934,59.8208961409912,57.98324180350756,58.77838134765625,1218500,58.77838134765625,USD
2022-10-06,58.31896745561782,58.74303735877302,56.73752522323121,56.94072341918945,2078600,56.94072341918945,USD
2022-10-07,56.54314945511993,56.781687901077504,54.899863634843015,55.244422912597656,2391700,55.244422912597656,USD
2022-10-10,55.58015030923737,55.73917819099932,54.78501090042762,54.864524841308594,2514000,54.864524841308594,USD
2022-10-11,54.66132372434527,56.03072749890703,54.511132596081374,55.70383834838867,2322200,55.70383834838867,USD
2022-10-12,55.7215093713991,55.73034612628093,54.608317542939,54.7673454284668,1924000,54.7673454284668,USD
2022-10-13,53.94570699583234,56.640341150425584,53.67182486553848,56.49014663696289,2133900,56.49014663696289,USD
2022-10-14,57.09092086349456,57.408976658648136,54.53764111694931,54.62599182128906,1816100,54.62599182128906,USD
2022-10-17,55.7391857783764,56.88771801503852,55.456470254589874,56.702186584472656,1984700,56.702186584472656,USD
2022-10-18,57.40897468517575,58.00974597309509,56.8965507283244,57.43547821044922,1483800,57.43547821044922,USD
2022-10-19,56.6845169328741,57.14392710800697,55.81869689375864,56.21626663208008,1472500,56.21626663208008,USD
2022-10-20,56.56965979967886,57.082083771121496,55.91588144259623,56.1985969543457,1281900,56.1985969543457,USD
2022-10-21,56.15442288176336,56.99373602568215,55.50064115917043,56.72868728637695,1266600,56.72868728637695,USD
2022-10-24,57.29411630263784,57.488484472603446,56.20742796827802,56.67567825317383,1560500,56.67567825317383,USD
2022-10-25,56.993737761975744,58.85789552793009,56.91422044157394,58.49566268920898,1937400,58.49566268920898,USD
2022-10-26,57.629847748739,59.01692177483084,55.88054089407445,56.401798248291016,3778800,56.401798248291016,USD
2022-10-27,56.83471171451868,56.92305905303562,54.714341887762586,54.988224029541016,2897100,54.988224029541016,USD
2022-10-28,54.70549931825687,55.89820848289695,54.48462762520144,55.77452087402344,2671600,55.77452087402344,USD
2022-10-31,55.32394916503368,56.136758871883664,55.08540729574841,55.677345275878906,2219100,55.677345275878906,USD
2022-11-01,56.11024019038172,56.41062581045195,55.721507246269695,55.88053512573242,1600200,55.88053512573242,USD
2022-11-02,55.57132152819448,56.62266624537988,54.60832077341196,54.64365768432617,1848900,54.64365768432617,USD
2022-11-03,53.892694332813,54.85569507127429,53.06221796129675,54.22842025756836,1671100,54.22842025756836,USD
2022-11-04,54.61715603352723,54.61715603352723,52.40843893941747,54.12240219116211,2285400,54.12240219116211,USD
2022-11-07,54.54647788834421,54.54647788834421,52.72649382123384,53.17707061767578,2022600,53.17707061767578,USD
2022-11-08,53.55697200710794,53.74250680734594,52.72649557978333,53.06222152709961,1742200,53.06222152709961,USD
2022-11-09,53.079886072271584,53.31842453127764,52.49678157619383,52.72649002075195,2375400,52.72649002075195,USD
2022-11-10,54.46696206607509,56.57849495937567,54.46696206607509,56.51665115356445,2137300,56.51665115356445,USD
2022-11-11,56.70218051072611,57.01139952854672,55.07656473796663,55.46529769897461,2304800,55.46529769897461,USD
2022-11-14,55.235595333018296,55.87170690971132,54.39628219604492,54.39628219604492,1581900,54.39628219604492,USD
2022-11-15,55.32394476614992,55.58899014309217,54.33444045278926,55.04122924804688,1989400,55.04122924804688,USD
2022-11-16,55.076567907539946,55.65966906772578,54.33443885182755,54.37861251831055,2077500,54.37861251831055,USD
2022-11-17,53.76017832736151,54.59065819827962,53.5834836375991,54.58182144165039,2170600,54.58182144165039,USD
2022-11-18,55.33278252960751,55.88054343462902,54.89987248887067,55.59782791137695,1999500,55.59782791137695,USD
2022-11-21,55.41229208502735,56.16325450216899,55.08539954888534,55.49180603027344,2046700,55.49180603027344,USD
2022-11-22,55.721516522744245,55.80986386149404,55.332783513916254,55.62433242797852,1496300,55.62433242797852,USD
2022-11-23,55.41229566196493,56.07491079171011,55.05006619251363,55.22676086425781,1148200,55.22676086425781,USD
2022-11-25,55.615497625291376,56.1279182434082,55.39462591380907,56.1279182434082,801200,56.1279182434082,USD
2022-11-28,55.87170990974093,56.29578319356198,54.76735134659186,54.94404602050781,1797600,54.94404602050781,USD
2022-11-29,54.87336948801072,56.21626992145413,54.65249777271217,56.172096252441406,1542100,56.172096252441406,USD
2022-11-30,55.63315867146337,57.37362855187875,55.39461685763226,57.30294799804688,2310000,57.30294799804688,USD
2022-12-01,57.62101507513902,58.14226909604636,56.28694800634528,57.11742782592773,1211100,57.11742782592773,USD
2022-12-02,56.50780691897898,56.97605377821124,56.26043172847653,56.64033126831055,1234400,56.64033126831055,USD
2022-12-05,56.225101830587775,56.481313822461885,55.53598317542899,55.6331672668457,1330500,55.6331672668457,USD
2022-12-06,55.7745136624658,55.82752070499525,54.00754034648924,54.51112747192383,1838100,54.51112747192383,USD
2022-12-07,54.38744442656476,55.209087356812994,54.38744442656476,54.74083709716797,1551500,54.74083709716797,USD
2022-12-08,54.85569298019887,56.02189523201535,54.74083875790701,55.4034538269043,1870700,55.4034538269043,USD
2022-12-09,55.3416133714365,56.06607228774928,55.27093617898963,55.42112731933594,1704200,55.42112731933594,USD
2022-12-12,55.535981777939504,56.15442322301877,54.63482482143568,56.13675308227539,2251000,56.13675308227539,USD
2022-12-13,57.95673332831088,57.95673332831088,56.06607209609255,56.68451690673828,1860200,56.68451690673828,USD
2022-12-14,56.675676146138,57.744694300736654,56.14558207600314,56.48130798339844,1722300,56.48130798339844,USD
2022-12-15,55.93355613559662,56.3134557673477,55.27977435507023,55.447635650634766,1802300,55.447635650634766,USD
2022-12-16,53.698330894870224,54.2637619525879,52.85018430829371,53.74250793457031,6664000,53.74250793457031,USD
2022-12-19,53.53929908824608,53.53929908824608,52.063877740138814,52.699989318847656,2854600,52.699989318847656,USD
2022-12-20,52.275911584886494,52.54979370222379,51.79883128114054,52.08154678344727,3096300,52.08154678344727,USD
2022-12-21,52.496782950698055,52.72649140127054,51.91368180958769,52.222904205322266,2961600,52.222904205322266,USD
2022-12-22,52.00202909982788,52.3024147207161,51.37475433481361,52.14338684082031,3978600,52.14338684082031,USD
2022-12-23,51.96669301863815,52.85017981374623,51.80766512589993,52.51445388793945,2517100,52.51445388793945,USD
2022-12-27,52.51445151012841,52.65580925613576,51.94902052609904,52.540958404541016,2641500,52.540958404541016,USD
2022-12-28,52.76183041989656,52.96503197040021,51.86067351968392,51.93135070800781,2040300,51.93135070800781,USD
2022-12-29,52.34659390055153,52.956198590919016,52.002034581203176,52.86785125732422,4038800,52.86785125732422,USD
2022-12-30,52.6669690715592,52.99730848074078,52.14020997841776,52.67589569091797,2267100,52.67589569091797,USD
2023-01-03,53.06872858928907,53.23836499957257,52.050923750814135,52.53304290771485,2186500,52.53304290771485,USD
2023-01-04,52.92588149088884,53.881189827759655,52.818745030383646,53.43478393554688,2646700,53.43478393554688,USD
2023-01-05,52.8276679496439,53.09551419085706,51.22953755586765,51.30989074707031,2632900,51.30989074707031,USD
2023-01-06,51.45274658516781,53.30086679608504,51.41703329466534,52.99731063842773,2691300,52.99731063842773,USD
2023-01-09,52.57768760785774,53.24729647378727,52.12235507758066,52.31877136230469,7408900,52.31877136230469,USD
2023-01-10,52.45269393920898,52.73839344649843,52.006288033343374,52.45269393920898,2802400,52.45269393920898,USD
2023-01-11,52.75625250589316,54.85435899716157,52.6758993029276,54.80971908569336,2258100,54.80971908569336,USD
2023-01-12,55.157910814818585,55.265050680864086,54.372238898658246,54.92578125,2077900,54.92578125,USD
2023-01-13,54.24723888508214,54.62222158041234,53.72047983136559,54.12224578857422,2144300,54.12224578857422,USD
2023-01-17,54.80971913355724,55.33647826327879,54.26510335807141,54.79186248779297,3148500,54.79186248779297,USD
2023-01-18,54.96149826330875,55.15791455275623,53.95261992742069,54.220462799072266,2376000,54.220462799072266,USD
2023-01-19,54.024043151311545,54.99720819695309,53.92583670940492,54.20260620117188,1932700,54.20260620117188,USD
2023-01-20,54.19367690474427,54.80078920080084,53.497281385263655,54.75614929199219,2211700,54.75614929199219,USD
2023-01-23,54.89006736782387,55.113270310961965,54.28295509002371,54.9972038269043,1965100,54.9972038269043,USD
2023-01-24,55.05969944162781,56.24714071370428,54.6400802316169,55.8900146484375,2325000,55.8900146484375,USD
2023-01-25,55.66681782777782,56.05965722391197,55.21148528003052,55.47932815551758,2118000,55.47932815551758,USD
2023-01-26,55.76502342643905,56.18464605639648,55.39004411049924,55.55967712402344,4090300,55.55967712402344,USD
2023-01-27,55.48825624912087,56.86318387029206,55.48825624912087,56.56855773925781,2430600,56.56855773925781,USD
2023-01-30,56.15785608259844,56.55961861429879,55.29182766239595,55.40789413452149,2269100,55.40789413452149,USD
2023-01-31,55.43468132523831,56.82746887207031,55.36325475092597,56.82746887207031,9337300,56.82746887207031,USD
2023-02-01,56.55962082111955,57.62206894240308,56.05964844009805,57.139949798583984,2327100,57.139949798583984,USD
2023-02-02,57.7738529497048,59.86303618290465,57.72921644498156,59.23806381225586,2333500,59.23806381225586,USD
2023-02-03,58.04169227890436,58.30060849712515,57.11316726544068,57.79170608520508,1817300,57.79170608520508,USD
2023-02-06,57.09530993905241,57.26494293906061,56.63104743787552,57.1220932006836,1990000,57.1220932006836,USD
2023-02-07,56.7024744009129,58.23811515145224,56.3899916416041,57.80063247680664,2324800,57.80063247680664,USD
2023-02-08,57.89884057915761,58.3988197906571,57.40779820401575,58.23811340332031,2436800,58.23811340332031,USD
2023-02-09,58.282749552486216,58.90772186018996,57.023885129807546,57.443504333496094,2305900,57.443504333496094,USD
2023-02-10,58.06847854837728,58.57738098665477,56.89889389935349,57.8720588684082,2644300,57.8720588684082,USD
2023-02-13,58.16669325360164,59.37198788595618,57.97027355720342,59.04164505004883,2357600,59.04164505004883,USD
2023-02-14,58.95235362944589,59.44340277383369,58.45238127269649,59.19341659545898,1838100,59.19341659545898,USD
2023-02-15,58.86308310312933,59.51483872372459,58.71130672970768,59.452335357666016,1459700,59.452335357666016,USD
2023-02-16,58.854156121765946,59.66661818318625,58.53274330753527,58.91665267944336,1545500,58.91665267944336,USD
2023-02-17,58.88092840026336,58.88092840026336,57.85420040309942,58.81843185424805,5156000,58.81843185424805,USD
2023-02-21,58.14883037841104,58.54166975213105,57.193522020002966,57.48815155029297,1942500,57.48815155029297,USD
2023-02-22,57.8809875429581,57.99705061858954,57.16673541639189,57.38993835449219,1691400,57.38993835449219,USD
2023-02-23,57.657790766116165,58.03277010740748,57.077461702719326,57.72028732299805,983300,57.72028732299805,USD
2023-02-24,56.997101421570186,57.47921717109714,56.47926897936616,56.84532165527344,1365400,56.84532165527344,USD
2023-02-27,57.56850049046904,57.720276842249504,55.854300282922935,56.0775032043457,1815500,56.0775032043457,USD
2023-02-28,56.015011750096114,56.66676393119252,55.80966204661311,55.8185920715332,2803000,55.8185920715332,USD
2023-03-01,55.34540649528272,55.6668158912016,53.75619913183972,54.40795135498047,1849700,54.40795135498047,USD
2023-03-02,54.04190034753513,54.9614988716536,53.84548405591361,54.80971908569336,1245300,54.80971908569336,USD
2023-03-03,55.1846962185762,56.11321786236163,54.79185686369911,55.86323165893555,1461800,55.86323165893555,USD
2023-03-06,56.22928767084893,56.58641375898648,55.78288176358039,55.97930145263672,1259300,55.97930145263672,USD
2023-03-07,55.952518359471874,56.068584856408094,54.44366752252908,54.604373931884766,1533500,54.604373931884766,USD
2023-03-08,54.55080012135684,55.756098105969656,54.399023748742685,55.30076217651367,1187400,55.30076217651367,USD
2023-03-09,55.37219036958709,55.63110661891653,54.14010908468048,54.33652877807617,1515000,54.33652877807617,USD
2023-03-10,54.42580081052377,54.506154000340544,51.74736569103965,52.20270156860352,2171400,52.20270156860352,USD
2023-03-13,51.9884292509986,53.71155624926104,51.91700608001607,52.89017105102539,2187400,52.89017105102539,USD
2023-03-14,53.622272807078645,54.11331856896671,53.11337040220111,53.49727630615234,2369700,53.49727630615234,USD
2023-03-15,53.12230846619785,53.8097740432808,52.67590251270039,53.54193115234375,1612800,53.54193115234375,USD
2023-03-16,53.14908141425401,53.14908141425401,51.881290387259845,52.59553909301758,1362600,52.59553909301758,USD
2023-03-17,52.58661522036611,52.77410487682971,51.33667736566211,51.40810394287109,3106100,51.40810394287109,USD
2023-03-20,51.44381465141128,52.01521365502826,50.96169887073864,51.92593383789063,2357200,51.92593383789063,USD
2023-03-21,52.16699315585888,52.41697936717052,51.05097841849378,51.2741813659668,2079700,51.2741813659668,USD
2023-03-22,51.06883431768448,51.23846732919792,49.82782649277495,49.96174621582031,2050200,49.96174621582031,USD
2023-03-23,50.0688923502433,50.390301769279134,49.327856847876944,49.51534652709961,2986600,49.51534652709961,USD
2023-03-24,49.337323099306886,50.62045677378559,49.337323099306886,50.59334945678711,2421500,50.59334945678711,USD
2023-03-27,50.98190680899558,51.39757192240314,50.69275056741642,50.76504135131836,1675500,50.76504135131836,USD
2023-03-28,50.24094173008539,50.98190500377193,50.1234743809256,50.53009796142578,1373600,50.53009796142578,USD
2023-03-29,51.06322776953485,52.10238529201686,50.94576042644759,52.03009796142578,1774300,52.03009796142578,USD
2023-03-30,52.58129801514058,53.05117771410884,52.518045310184654,52.88852691650391,1324500,52.88852691650391,USD
2023-03-31,53.0692524016049,54.28913342946908,53.0692524016049,54.21684265136719,2367600,54.21684265136719,USD
2023-04-03,54.11744163163353,54.85840483208194,53.56623654293107,53.88250350952149,1674300,53.88250350952149,USD
2023-04-04,54.09937230107252,54.09937230107252,52.86142201561437,53.6656379699707,1476800,53.6656379699707,USD
2023-04-05,53.55720817110145,54.17166603544151,53.3584119658696,53.86443710327149,1438000,53.86443710327149,USD
2023-04-06,54.23491673387329,54.37949484676309,53.61142426835119,54.34334945678711,1054600,54.34334945678711,USD
2023-04-10,54.01805276276715,54.33431978335175,53.62046377784829,54.30720901489258,1462400,54.30720901489258,USD
2023-04-11,54.46985768353486,54.90359204457062,54.08130333879181,54.46082305908203,1420300,54.46082305908203,USD
2023-04-12,54.98491827369647,55.265039894116704,53.92769139920127,54.04516220092773,1887900,54.04516220092773,USD
2023-04-13,54.06323639263307,54.51504346883285,53.54817315451204,54.25299453735352,1378400,54.25299453735352,USD
2023-04-14,54.49697077214313,54.68672891686357,53.737934746246914,54.25299453735352,1489100,54.25299453735352,USD
2023-04-17,54.40659864692049,55.43671806551274,54.19876783852152,55.409610748291016,1458800,55.409610748291016,USD
2023-04-18,55.25600708340203,55.85239228918513,55.120463581036326,55.50901794433594,1218200,55.50901794433594,USD
2023-04-19,55.3734662504561,56.150574862096,55.26503353281289,56.11442947387695,1141600,56.11442947387695,USD
2023-04-20,56.02407113180704,56.16864924200856,55.228889802191645,55.36443328857422,1860600,55.36443328857422,USD
2023-04-21,55.45479323502752,55.60840941584101,54.55117918581469,55.39154052734375,1832300,55.39154052734375,USD
2023-04-24,55.599372643972366,55.73491613332657,54.94877285730891,55.30118179321289,1542900,55.30118179321289,USD
2023-04-25,55.11142150117398,55.2108161495139,54.56021638840338,54.68672180175781,1855100,54.68672180175781,USD
2023-04-26,54.4517798323377,55.95177898153613,54.32527441988942,54.44274520874024,1902700,54.44274520874024,USD
2023-04-27,54.75901083865543,56.17768464179552,54.73190351981011,55.852386474609375,1677300,55.852386474609375,USD
2023-04-28,56.06924607464836,57.42466702784864,55.852380652464014,57.15358352661133,3662300,57.15358352661133,USD
2023-05-01,57.22587989333672,57.81322696227024,57.09937102984509,57.524070739746094,1687600,57.524070739746094,USD
2023-05-02,57.52407562013694,57.52407562013694,55.63552194260421,56.39455795288086,2185900,56.39455795288086,USD
2023-05-03,56.927685386447855,57.08129812101914,56.03310595654606,56.322265625,1883300,56.322265625,USD
2023-05-04,56.06925510332916,56.76503838498704,55.6174480461758,56.45780944824219,1412900,56.45780944824219,USD
2023-05-05,56.73792850235786,57.51503715709025,56.69274848808568,57.27106094360352,1264600,57.27106094360352,USD
2023-05-08,56.78310914282544,57.48792702488366,56.6746764179736,56.90961456298828,1478200,56.90961456298828,USD
2023-05-09,56.448770961063865,56.76503450062396,55.84334775345931,56.34937286376953,2094300,56.34937286376953,USD
2023-05-10,56.90961818118337,57.11744901995208,56.23190757549713,56.611427307128906,1684700,56.611427307128906,USD
2023-05-11,56.195756039546886,56.90057733638292,55.924672516308725,56.84635925292969,1432900,56.84635925292969,USD
2023-05-12,56.9186562084026,56.92769083311836,56.3313056384615,56.74696731567383,2094700,56.74696731567383,USD
2023-05-15,56.65660431156972,56.83732781954407,56.0873264679055,56.439735412597656,1370700,56.439735412597656,USD
2023-05-16,56.41262792568239,56.41262792568239,55.22889222662182,55.23793029785156,1261500,55.23793029785156,USD
2023-05-17,55.43672092511044,55.80720254997814,55.021059286871385,55.63551712036133,1296600,55.63551712036133,USD
2023-05-18,55.52708287884001,55.83431178717474,54.885517744292606,55.42768478393555,1176200,55.42768478393555,USD
2023-05-19,55.83431710286759,56.25901339378255,55.301184636089225,55.5270881652832,1544800,55.5270881652832,USD
2023-05-22,55.52708590758037,56.195758396478666,55.35539702628458,55.84334945678711,1244700,55.84334945678711,USD
2023-05-23,55.87045923667354,56.22286817014274,55.048167129226606,55.05720520019531,1110200,55.05720520019531,USD
2023-05-24,54.84937020881425,54.88551559591267,53.84635812242306,53.88250350952149,1559100,53.88250350952149,USD
2023-05-25,54.09937770103771,54.24395582583615,53.1867289345628,53.73793411254883,1535700,53.73793411254883,USD
2023-05-26,52.99696831387423,54.04516053140166,52.689739382167176,53.891544342041016,1838500,53.891544342041016,USD
2023-05-30,54.17166397811547,54.48792752259672,53.73792963982085,54.23491668701172,1822600,54.23491668701172,USD
2023-05-31,54.50600106753935,55.50901324855538,54.487928372285154,54.939735412597656,3556700,54.939735412597656,USD
2023-06-01,54.885514369014615,55.72587219467776,54.46081469763642,55.67165756225586,1586200,55.67165756225586,USD
2023-06-02,56.29515815806156,57.25299035208962,56.23190544635364,57.00901412963867,1486700,57.00901412963867,USD
2023-06-05,57.24395390820165,57.9307025791473,57.081303088610014,57.29817199707031,2108400,57.29817199707031,USD
2023-06-06,57.27106406931438,57.92166389377297,57.02708784251202,57.76805114746094,1064200,57.76805114746094,USD
2023-06-07,57.96684487061455,58.74395353441984,57.76804866907901,58.554195404052734,1523400,58.554195404052734,USD
2023-06-08,58.28310771668245,59.141538328541664,57.704795261403525,58.9427490234375,1260000,58.9427490234375,USD
2023-06-09,59.53008720907196,59.83731955071972,59.17767830431822,59.80117416381836,1711000,59.80117416381836,USD
2023-06-12,59.891540012534456,59.891540012534456,59.24093677305033,59.322265625,2442100,59.322265625,USD
2023-06-13,59.087330401425966,59.81022449964561,58.81624339108634,59.62949752807617,2412600,59.62949752807617,USD
2023-06-14,59.72889400630161,60.20780840331912,59.55721200553972,59.97287368774414,2239200,59.97287368774414,USD
2023-06-15,59.89153931371706,60.2168409296635,59.32226493282492,59.95479202270508,1828100,59.95479202270508,USD
2023-06-16,60.10840801946097,60.659613182261495,60.00901680911383,60.28913497924805,3801700,60.28913497924805,USD
2023-06-20,60.15358550438316,60.16262357498139,59.48491305470037,59.6746711730957,2175800,59.6746711730957,USD
2023-06-21,59.34033730785648,59.63853162052597,58.81623946632136,59.195762634277344,1818000,59.195762634277344,USD
2023-06-22,59.28612215453676,59.41262757808568,57.21684502073141,57.993953704833984,2341600,57.993953704833984,USD
2023-06-23,57.887126031517305,58.161039173900974,56.85538292944442,56.93755722045898,2369600,56.93755722045898,USD
2023-06-26,56.74581939662813,58.87321858975264,56.53581571790356,58.85495376586914,1769000,58.85495376586914,USD
2023-06-27,58.946256267108005,59.73147650076188,58.59930124344272,59.55800247192383,1653700,59.55800247192383,USD
2023-06-28,59.35713276733114,59.93234933994135,58.76365137058066,59.137996673583984,1638900,59.137996673583984,USD
2023-06-29,58.91887286164842,59.740615872366746,58.80017935798523,59.731483459472656,1738200,59.731483459472656,USD
2023-06-30,60.31582100994723,60.6353927064692,59.27494904993095,60.23365020751953,2790600,60.23365020751953,USD
2023-07-03,59.8684380551621,60.99148792743521,59.8684380551621,60.708438873291016,787800,60.708438873291016,USD
2023-07-05,60.45278246554524,61.41148367312402,59.914088601126586,60.75408935546875,1485900,60.75408935546875,USD
2023-07-06,60.0875634483729,61.39321968991796,59.11973678190914,61.21061325073242,2113300,61.21061325073242,USD
2023-07-07,60.88191525434738,61.00060874159495,60.49843755771148,60.75408935546875,1300200,60.75408935546875,USD
2023-07-10,60.40713514551501,61.0462646484375,60.18799905937948,61.0462646484375,1020300,61.0462646484375,USD
2023-07-11,61.32019044973901,61.69453579576072,60.89105759098984,61.63975524902344,1057200,61.63975524902344,USD
2023-07-12,62.33365540344586,62.65322711749928,61.539309739112895,61.55756759643555,1641400,61.55756759643555,USD
2023-07-13,61.47540293796715,62.13279732315692,61.37496729767483,62.10540008544922,1434200,62.10540008544922,USD
2023-07-14,62.00496909826281,62.607575951548746,61.73105245932135,62.55279541015625,1208600,62.55279541015625,USD
2023-07-17,62.3336654425434,62.77193071475116,61.80410390302967,61.95018768310547,1924300,61.95018768310547,USD
2023-07-18,61.77670517207914,62.05974724634428,61.07365574337065,61.50278854370117,1891700,61.50278854370117,USD
2023-07-19,61.86800092365841,62.1875656408594,61.502781118576536,62.14191055297852,1667300,62.14191055297852,USD
2023-07-20,62.33365783046224,62.6349647329356,61.53931213520072,62.60757446289063,1543100,62.60757446289063,USD
2023-07-21,62.808442773418186,63.146272342038806,62.43409052446109,63.054962158203125,1428200,63.054962158203125,USD
2023-07-24,63.10975495035184,63.41105489789617,62.46149299352981,62.67148971557617,1563700,62.67148971557617,USD
2023-07-25,62.52539803885084,62.70800446674805,61.19234464444417,61.37495803833008,1937500,61.37495803833008,USD
2023-07-26,61.39321666524504,61.95930774441307,61.11017460865541,61.51191711425781,1571900,61.51191711425781,USD
2023-07-27,61.9136539721397,61.9136539721397,59.82277756180905,59.95973587036133,2338400,59.95973587036133,USD
2023-07-28,60.58061048815134,60.68104612164674,58.85495382680577,59.17451858520508,2796400,59.17451858520508,USD
2023-07-31,59.28408594711057,60.58974220150731,59.0740822705899,60.20626449584961,5147200,60.20626449584961,USD
2023-08-01,60.08756407402621,60.41626124077399,59.649305829021976,60.02365112304688,1890600,60.02365112304688,USD
2023-08-02,59.74974751606465,60.48018032041872,59.59452436282336,60.0967025756836,1624300,60.0967025756836,USD
2023-08-03,59.99626764997288,60.23366162306965,58.416698071271306,59.74974822998047,2121700,59.74974822998047,USD
2023-08-04,59.85017700256582,60.74495831491235,59.52147983631916,59.71321868896485,1410000,59.71321868896485,USD
2023-08-07,59.93234720237498,60.53496098970258,59.58539218196731,60.37973785400391,2125700,60.37973785400391,USD
2023-08-08,59.96887435942088,60.08756785700111,59.33887025582583,59.868438720703125,1188800,59.868438720703125,USD
2023-08-09,59.67669908654215,60.114957353489565,59.375392174272335,59.90496063232422,1227500,59.90496063232422,USD
2023-08-10,60.01452565821488,60.90017455979451,59.694953937430014,59.85930252075195,871400,59.85930252075195,USD
2023-08-11,59.63103808572187,60.66278462871615,59.59451540609484,60.6445198059082,1377000,60.6445198059082,USD
2023-08-14,60.70843242437529,60.70843242437529,59.01016614387126,59.192779541015625,1429600,59.192779541015625,USD
2023-08-15,58.72713390227442,58.93713760259625,58.224959166667226,58.444091796875,988500,58.444091796875,USD
2023-08-16,58.46234511012205,58.61756128707726,57.97843175491492,58.297996520996094,954700,58.297996520996094,USD
2023-08-17,58.29799460436137,59.00104403261558,58.12451709176275,58.2158203125,903200,58.2158203125,USD
2023-08-18,57.80495423661296,58.425825910423285,57.67712484718577,58.297996520996094,982700,58.297996520996094,USD
2023-08-21,58.20668820094913,58.23407846907372,57.12016460840941,57.53103256225586,1249200,57.53103256225586,USD
2023-08-22,57.84147945632211,58.03322181892165,57.46713062723934,57.72278594970703,905400,57.72278594970703,USD
2023-08-23,57.97842876913145,58.65408094919241,57.74103830983844,58.59016799926758,1191400,58.59016799926758,USD
2023-08-24,58.59016569399216,59.7588635700567,58.50799488988863,58.52625274658203,1192500,58.52625274658203,USD
2023-08-25,58.65408171261931,59.16539228466216,58.626691443150605,58.72712707519531,981700,58.72712707519531,USD
2023-08-28,59.00104220742942,59.61278143003312,58.89147416634065,58.95538711547852,673700,58.95538711547852,USD
2023-08-29,58.909731332502105,59.51234510243802,58.57190873358857,59.484954833984375,975600,59.484954833984375,USD
2023-08-30,59.66756134488592,60.15147466416372,59.421041962495146,59.80451965332031,1140100,59.80451965332031,USD
2023-08-31,59.70408312104219,59.80451874797438,59.11973418215788,59.192779541015625,1677900,59.192779541015625,USD
2023-09-01,59.40277456412514,59.484952332018565,58.4075577002277,58.4349479675293,1163100,58.4349479675293,USD
2023-09-05,59.09234647237956,59.27495291144072,58.03321310404989,58.25234222412109,1783800,58.25234222412109,USD
2023-09-06,58.25234638867491,58.361910956543454,57.69538765393465,58.0788688659668,1941000,58.0788688659668,USD
2023-09-07,57.52190637940956,58.71799458453154,57.266254576726006,58.069732666015625,1385100,58.069732666015625,USD
2023-09-08,58.3071318867386,58.38930618546414,57.001475519763154,57.20234680175781,1406200,57.20234680175781,USD
2023-09-11,57.321034171573295,57.43973114214781,56.6819046753902,57.138427734375,1357700,57.138427734375,USD
2023-09-12,57.08363929360357,57.759291418110415,56.6910292146357,57.64972686767578,1389800,57.64972686767578,USD
2023-09-13,57.77755492548086,57.80494867636333,56.55407303689351,57.06538009643555,2305500,57.06538009643555,USD
2023-09-14,57.34842577664252,57.85972935444774,57.22059639919681,57.71364212036133,1550400,57.71364212036133,USD
2023-09-15,57.49451793597811,57.96930235817978,57.31190800697828,57.66799545288086,2479200,57.66799545288086,USD
2023-09-18,57.576692910295925,57.576692910295925,56.554078689009934,56.81886291503906,1301100,56.81886291503906,USD
2023-09-19,56.86451065921633,57.03799164936391,56.49929430473702,56.66364288330078,928000,56.66364288330078,USD
2023-09-20,57.12929840617597,57.53103746588776,56.84625284045045,56.99234008789063,635800,56.99234008789063,USD
2023-09-21,56.63625211044288,56.87364606218543,55.6775543403926,55.7049446105957,1140000,55.7049446105957,USD
2023-09-22,55.631902598283794,55.74146716183336,54.78276939403665,54.901466369628906,1739900,54.901466369628906,USD
2023-09-25,54.65496277321526,54.98732459253161,54.507246800388735,54.74728393554688,1418300,54.74728393554688,USD
2023-09-26,54.34106846009245,54.75652075388136,53.87022135318944,54.12872695922852,1822600,54.12872695922852,USD
2023-09-27,54.26720498123112,54.77498192866032,53.602484878660505,53.95330810546875,2888800,53.95330810546875,USD
2023-09-28,54.11026055617184,54.59956906570189,53.879454123853634,54.25797653198242,1319900,54.25797653198242,USD
2023-09-29,54.83037710908622,55.17196965284261,53.68557914337357,54.20258331298828,2078700,54.20258331298828,USD
2023-10-02,53.92561334413146,54.27644009850693,53.06701315584443,53.42707061767578,1393400,53.42707061767578,USD
2023-10-03,53.011615924633766,53.3162820841628,52.559237321597,52.79927444458008,1369900,52.79927444458008,USD
2023-10-04,53.16857108954459,53.59325408935547,52.559242235346936,53.59325408935547,1947000,53.59325408935547,USD
2023-10-05,53.59325000546719,54.27643855809024,53.54708942584469,53.98100662231445,1777200,53.98100662231445,USD
2023-10-06,53.59325179726879,55.14427127286066,53.15933810811831,54.74728393554688,1517200,54.74728393554688,USD
2023-10-09,54.341065561156285,55.78129540702343,54.341065561156285,55.42123794555664,1439100,55.42123794555664,USD
2023-10-10,55.31968368029015,56.15058824045088,54.95962621149605,55.18120193481445,1687000,55.18120193481445,USD
2023-10-11,55.587420601612045,56.26137496484571,55.48586520737483,56.07673263549805,1544800,56.07673263549805,USD
2023-10-12,55.88284613479189,55.92901023365204,55.319677938230406,55.66127395629883,1689700,55.66127395629883,USD
2023-10-13,56.03980248150854,56.19674916503692,54.89500102739645,55.291988372802734,1935700,55.291988372802734,USD
2023-10-16,55.60588601963949,55.83669245514613,54.885771067843336,55.47663497924805,1964000,55.47663497924805,USD
2023-10-17,55.11657677514217,55.96594275610783,55.11657677514217,55.541259765625,1504700,55.541259765625,USD
2023-10-18,55.23659688372548,55.37507862954621,54.38722738435308,54.47031784057617,1157700,54.47031784057617,USD
2023-10-19,54.2579756447622,55.07041525934882,53.694807395622384,53.999473571777344,1382300,53.999473571777344,USD
2023-10-20,54.23951374688023,54.3595340825593,53.011621787750585,53.0670166015625,1901200,53.0670166015625,USD
2023-10-23,52.59616715040902,52.98392023840941,51.95913918894209,52.01453399658203,2293900,52.01453399658203,USD
2023-10-24,52.33765862729854,52.78080649802345,52.171477735548415,52.69771957397461,1686500,52.69771957397461,USD
2023-10-25,52.346898503596336,52.68849103046047,51.43290350035527,51.46983337402344,1446300,51.46983337402344,USD
2023-10-26,51.55292035484296,52.28226946242076,50.95282227456728,51.58061599731445,2531200,51.58061599731445,USD
2023-10-27,51.64523945656504,51.64523945656504,49.99266828802039,50.066524505615234,2418300,50.066524505615234,USD
2023-10-30,50.52814098483463,50.81434221315828,49.54952049731875,50.27886962890625,2710300,50.27886962890625,USD
2023-10-31,50.44505660663533,51.09131536405872,49.78956714091496,51.08208465576172,2770700,51.08208465576172,USD
2023-11-01,49.64184542011226,50.10345826182226,48.53397389564297,49.10637283325195,4128400,49.10637283325195,USD
2023-11-02,49.9557458222402,50.50044915480909,49.18946676039465,50.02960205078125,4278500,50.02960205078125,USD
2023-11-03,50.5927691710833,52.319200295685135,50.5927691710833,51.442138671875,2293500,51.442138671875,USD
2023-11-06,51.22055788721909,51.25748775791512,49.81725449720711,50.398887634277344,2988300,50.398887634277344,USD
2023-11-07,50.50967401096332,50.731249714569614,49.56798343383263,49.72493362426758,2013700,49.72493362426758,USD
2023-11-08,49.86341740543415,50.66662628239867,49.78032695339736,50.52814102172852,1846200,50.52814102172852,USD
2023-11-09,50.758945664080926,50.758945664080926,49.53105738456648,49.5864486694336,2238900,49.5864486694336,USD
2023-11-10,50.01113754639067,50.51891453000082,49.3741130421708,50.35273361206055,2469500,50.35273361206055,USD
2023-11-13,50.0295973757212,50.23270814842604,49.61414864511792,50.02036666870117,2022400,50.02036666870117,USD
2023-11-14,51.423672253245314,53.03008300086178,51.257491345308914,52.10685729980469,3207600,52.10685729980469,USD
2023-11-15,51.93144764696204,52.45768603470512,51.58985511077349,51.62678146362305,1746200,51.62678146362305,USD
2023-11-16,51.88527767210466,52.08838490240357,51.15592862749783,51.183624267578125,1783500,51.183624267578125,USD
2023-11-17,51.78373300484426,51.80219794265832,50.35273378160834,51.17440414428711,2366800,51.17440414428711,USD
2023-11-20,51.17440827290102,52.00531293243537,50.50045383653519,51.78373718261719,2672900,51.78373718261719,USD
2023-11-21,51.70064016790648,51.977607178726366,51.49752938311947,51.829891204833984,2475900,51.829891204833984,USD
2023-11-22,52.420751715552434,52.46691581589708,51.94067395094455,52.153018951416016,1796000,52.153018951416016,USD
2023-11-24,52.01454057827378,52.48538417639936,51.96837999364608,52.466922760009766,798900,52.466922760009766,USD
2023-11-27,52.42075344459381,52.55000447743869,52.06993021882247,52.17148208618164,2068400,52.17148208618164,USD
2023-11-28,52.11608895365891,52.90082935204793,51.74679728275444,52.61463165283203,2031700,52.61463165283203,USD
2023-11-29,53.1408714314243,53.417838431177664,52.199180814801686,52.23611068725586,2446600,52.23611068725586,USD
2023-11-30,52.356126375988936,52.63309336984916,52.06992867512482,52.47614669799805,3485500,52.47614669799805,USD
2023-12-01,52.52230764892398,54.045631408691406,52.44845142689012,54.045631408691406,2933500,54.045631408691406,USD
2023-12-04,53.56555682017995,54.31337092295695,53.46400142725418,54.18411636352539,2525500,54.18411636352539,USD
2023-12-05,53.82406127958632,53.9163859689842,53.22396664672068,53.77790069580078,2838700,53.77790069580078,USD
2023-12-06,53.916380338639584,54.23027720615937,53.750199436904026,53.79636001586914,2107100,53.79636001586914,USD
2023-12-07,53.796356821396806,54.44261545401234,53.37167388521348,54.19334411621094,1963400,54.19334411621094,USD
2023-12-08,53.9625418524452,54.331830012390064,53.68557485202994,54.30413436889648,1652200,54.30413436889648,USD
2023-12-11,53.73173587819668,54.15641885048344,53.42706970993019,53.70403671264648,1992300,53.70403671264648,USD
2023-12-12,53.65787728426365,53.95330922974601,53.31628475764215,53.71327209472656,1705100,53.71327209472656,USD
2023-12-13,53.87021441488389,56.53833945942614,53.7778932600778,56.27060317993164,2451100,56.27060317993164,USD
2023-12-14,57.30461980508644,58.18168493804031,57.18459947611551,57.52619552612305,4794800,57.52619552612305,USD
2023-12-15,56.67682634949189,57.05534875356626,56.03980187097451,56.602970123291016,4398300,56.602970123291016,USD
2023-12-18,56.824542349677,56.99995749040913,56.2336784524936,56.85224151611328,2544500,56.85224151611328,USD
2023-12-19,57.00918958592603,57.18460120910203,56.49218190239038,56.75991821289063,2043000,56.75991821289063,USD
2023-12-20,56.704513141860254,56.93531953567472,56.039793122516336,56.05825805664063,2658900,56.05825805664063,USD
2023-12-21,56.54758017920422,56.54758017920422,55.467407685033486,56.15059280395508,2552600,56.15059280395508,USD
2023-12-22,56.54756978699838,57.119968690975824,56.31676337970451,56.44601440429688,3261100,56.44601440429688,USD
2023-12-26,56.45525628001712,56.92609986507167,56.36293159149787,56.69529342651367,1343700,56.69529342651367,USD
2023-12-27,56.759914774815606,57.23999255434217,56.464482836926415,57.11997222900391,1695500,57.11997222900391,USD
2023-12-28,56.99071876500291,57.738532806908246,56.99071876500291,57.701602935791016,1505300,57.701602935791016,USD
2023-12-29,57.39647735343155,57.77905819555557,57.06055557659992,57.06988525390625,1962300,57.06988525390625,USD
2024-01-02,56.89259204271831,58.04033455162644,56.69663322639791,57.99367904663086,2115700,57.99367904663086,USD
2024-01-03,57.62042672602317,57.8443781289093,56.5193397443055,56.60332107543945,1864100,56.60332107543945,USD
2024-01-04,56.57532771561513,57.247174795964206,56.34204663892484,56.68730163574219,1732100,56.68730163574219,USD
2024-01-05,56.33271894276312,57.060558394138205,56.05278233512058,56.64065170288086,1850900,56.64065170288086,USD
2024-01-08,56.472681349814,57.69507542717875,56.28605578355873,57.60176086425781,1831200,57.60176086425781,USD
2024-01-09,57.02322773900738,57.70440806514965,56.59399140630187,57.415138244628906,1611100,57.415138244628906,USD
2024-01-10,57.75106202302864,57.807050762155626,57.37781444094215,57.583099365234375,1539900,57.583099365234375,USD
2024-01-11,57.32183145610929,57.93769340998311,56.93925059930263,57.65775680541992,2130500,57.65775680541992,USD
2024-01-12,58.12430549101737,58.6561859839504,57.86302830250578,58.00299835205078,2280800,58.00299835205078,USD
2024-01-16,57.881697331334266,57.9563489815388,57.03255438798396,57.331153869628906,1895700,57.331153869628906,USD
2024-01-17,56.56599420807656,57.4804555971694,55.41825174341146,56.1740837097168,1634900,56.1740837097168,USD
2024-01-18,56.02478817407368,56.38870610978146,55.446248500274,55.72618865966797,2619900,55.72618865966797,USD
2024-01-19,55.978129191145264,56.510009765625,55.31560822258714,56.510009765625,3195200,56.510009765625,USD
2024-01-22,56.70596842747029,56.92991628304146,56.11809907731874,56.26739883422852,2120900,56.26739883422852,USD
2024-01-23,56.28605822101489,56.57532803921666,55.39958941260396,55.54888916015625,3109600,55.54888916015625,USD
2024-01-24,56.00612583006812,56.146092351604096,54.69042059394253,54.83038711547852,3223700,54.83038711547852,USD
2024-01-25,55.39026058852571,55.698189765274186,54.68108410704332,54.92369842529297,3087500,54.92369842529297,USD
2024-01-26,55.007677109909416,55.222295267517936,54.55044464572664,55.20363235473633,1930000,55.20363235473633,USD
2024-01-29,54.98901773662227,55.80083491715013,54.95169190865649,55.502235412597656,2093100,55.502235412597656,USD
2024-01-30,55.11032263785724,55.754177125724,54.942359978485605,55.33427047729492,2836300,55.33427047729492,USD
2024-01-31,57.08854762659343,57.66708372294494,55.76350920768747,56.16475296020508,5436800,56.16475296020508,USD
2024-02-01,55.61420914971025,56.91125497025361,55.15698021722257,56.88325881958008,4260800,56.88325881958008,USD
2024-02-02,56.23940221260884,56.6219830347523,55.3342704989286,56.146087646484375,3127700,56.146087646484375,USD
2024-02-05,55.52089777412963,55.56755327882917,54.49446243239222,54.59710311889648,2666700,54.59710311889648,USD
2024-02-06,54.55978025404512,55.35293450402143,54.40114726829778,55.22229766845703,1909600,55.22229766845703,USD
2024-02-07,55.3342670082336,55.399585420606826,54.55044250016841,54.88636779785156,1625900,54.88636779785156,USD
2024-02-08,54.774397018362535,55.268951757359794,54.6530898629076,55.24095916748047,1502600,55.24095916748047,USD
2024-02-09,55.13831659322961,55.31560893380681,54.727743171036046,54.92369842529297,1557300,54.92369842529297,USD
2024-02-12,55.05433359591596,55.49290315515456,54.71840827901717,55.24095916748047,1620800,55.24095916748047,USD
2024-02-13,54.20518973834646,54.39181530685172,53.49601684953047,54.24251556396485,1964400,54.24251556396485,USD
2024-02-14,54.37314922323455,55.11031821806913,54.21451625340055,54.72773742675781,1557000,54.72773742675781,USD
2024-02-15,55.10099538236344,56.33271931172772,54.93303270476039,56.314056396484375,1529000,56.314056396484375,USD
2024-02-16,55.86614978115051,56.38870066065728,55.52089479340519,56.01544952392578,2659500,56.01544952392578,USD
2024-02-20,55.73551597861789,56.45402214212261,55.35293514450103,56.09943389892578,1798100,56.09943389892578,USD
2024-02-21,56.27672785250935,57.19118923997736,56.06210969051462,57.13520050048828,1756400,57.13520050048828,USD
2024-02-22,57.29383907816708,57.29383907816708,56.34205177141697,56.39803695678711,1799200,56.39803695678711,USD
2024-02-23,56.30472054250338,56.61264971127367,56.08076914373586,56.1740837097168,1406100,56.1740837097168,USD
2024-02-26,56.08076569220366,56.31404675341847,54.87703812162104,54.88636779785156,2631900,54.88636779785156,USD
2024-02-27,55.24096066856567,55.763508011641655,54.9890166740454,55.49290466308594,1849200,55.49290466308594,USD
2024-02-28,55.16631190046701,56.286061859281936,55.073000887060346,55.72618865966797,1877500,55.72618865966797,USD
2024-02-29,56.164751545676,56.5753285246578,55.800833630368885,56.18341445922852,3415200,56.18341445922852,USD
2024-03-01,55.91280945754568,56.70596729241707,55.23162910780545,56.67797470092773,3094800,56.67797470092773,USD
2024-03-04,56.73395917198378,58.69352242214696,56.304722829794585,58.65619659423828,1997800,58.65619659423828,USD
2024-03-05,58.42291151007113,58.88014041210053,57.73239797937454,58.1149787902832,1966900,58.1149787902832,USD
2024-03-06,58.55355707569368,58.56288675363083,57.9936838501992,58.42292022705078,1275000,58.42292022705078,USD
2024-03-07,58.67485633824849,58.86148190812246,58.18029804414448,58.72151184082031,1643300,58.72151184082031,USD
2024-03-08,59.16008484304038,59.44935111159175,58.73084493944466,59.16941452026367,1388700,59.16941452026367,USD
2024-03-11,59.16008459224483,59.50533960143293,58.50689684219044,58.65619659423828,1302300,58.65619659423828,USD
2024-03-12,58.450906426276745,58.85215016583613,57.88170002552568,58.16164016723633,1797700,58.16164016723633,USD
2024-03-13,58.21762189897306,59.27205330741258,58.21762189897306,59.06676483154297,1847400,59.06676483154297,USD
2024-03-14,58.796166017710696,58.8708176772205,57.60176794225024,58.19896697998047,2559900,58.19896697998047,USD
2024-03-15,57.34048861612517,58.926800628891215,57.34048861612517,58.814823150634766,3247400,58.814823150634766,USD
2024-03-18,58.92680390342463,59.16941466728864,58.08699056776674,58.20829772949219,1730800,58.20829772949219,USD
2024-03-19,58.42290835710755,58.525552591497366,57.86303168577761,58.058990478515625,1377200,58.058990478515625,USD
2024-03-20,57.85370307414206,58.8428160533124,57.71373301383776,58.48822784423828,1499000,58.48822784423828,USD
2024-03-21,58.63753490407492,59.51467052071385,58.48823514891112,59.20674133300781,2505200,59.20674133300781,USD
2024-03-22,59.40008283505616,59.45667360307154,58.400334187288486,58.63612365722656,1510100,58.63612365722656,USD
2024-03-25,58.72100601781676,58.919071900219,58.02307122528476,58.032501220703125,1967100,58.032501220703125,USD
2024-03-26,58.051367757962986,58.20227287735323,57.74012752328515,57.77785110473633,1610700,57.77785110473633,USD
2024-03-27,58.3720419267884,59.06054676288769,58.15511604126631,59.01338958740234,1527100,59.01338958740234,USD
2024-03-28,59.268048174645806,59.843375123612894,59.19259380854944,59.52270126342773,2133800,59.52270126342773,USD
2024-04-01,59.43781176519956,59.62644406628084,57.94762054430549,57.9570541381836,1630000,57.9570541381836,USD
2024-04-02,57.56092783907287,57.7495601463575,57.00446451140729,57.38172912597656,1515200,57.38172912597656,USD
2024-04-03,57.19309470035304,58.07023183855616,56.91957804481402,57.92875671386719,1439000,57.92875671386719,USD
2024-04-04,58.36261159050266,58.73044259415003,57.60808599355141,57.77785110473633,1182300,57.77785110473633,USD
2024-04-05,57.560926996803325,58.46636133894827,57.560926996803325,58.27772903442383,1461100,58.27772903442383,USD
2024-04-08,58.94736506958205,60.211196720588354,58.86248071996739,60.17346954345703,2324500,60.17346954345703,USD
2024-04-09,60.48471198474782,61.11663323028532,60.42812481483121,60.80538940429688,2536100,60.80538940429688,USD
2024-04-10,59.57928407092511,59.881097915315024,59.08884511871359,59.38122177124024,2038900,59.38122177124024,USD
2024-04-11,59.76791209927623,59.890523627489685,58.67384913440506,59.22088241577149,1681100,59.22088241577149,USD
2024-04-12,59.0228242134428,59.12656856218017,57.80614963618884,58.18341064453125,1400600,58.18341064453125,USD
2024-04-15,58.58896955195237,58.683287503585454,56.86299241247973,57.21195983886719,1242900,57.21195983886719,USD
2024-04-16,57.06104781193747,57.06104781193747,56.09902640881927,56.28765869140625,1358300,56.28765869140625,USD
2024-04-17,56.41971004902818,57.59865752346936,56.12732978013639,56.976173400878906,2744800,56.976173400878906,USD
2024-04-18,57.09877922095041,57.66467251280137,56.683787448922025,57.52320098876953,1789400,57.52320098876953,USD
2024-04-19,57.84387268197816,58.38147236878402,57.72126115404614,58.041934967041016,1826300,58.041934967041016,USD
2024-04-22,58.71158312008074,59.27747645799692,58.34375209064901,58.98509979248047,2465600,58.98509979248047,USD
2024-04-23,58.96623404007882,59.96598273813758,58.96623404007882,59.50383377075195,2479400,59.50383377075195,USD
2024-04-24,58.74930533690274,61.50332462553952,58.70214816237218,60.93743133544922,3166200,60.93743133544922,USD
2024-04-25,60.42812586141627,61.26753580976069,60.32437791762326,61.192081451416016,3344600,61.192081451416016,USD
2024-04-26,61.30526011269578,62.314438722106615,61.30526011269578,61.43730163574219,2793600,61.43730163574219,USD
2024-04-29,61.96547228458576,62.14467459149359,61.116635915646,61.58821487426758,2927600,61.58821487426758,USD
2024-04-30,61.24867840013012,61.35242634829689,60.70164507265515,60.73937225341797,1986600,60.73937225341797,USD
2024-05-01,60.32438312903332,61.116639568647926,60.11689082138392,60.39983749389648,2357000,60.39983749389648,USD
2024-05-02,60.82425630468216,61.93718301237456,60.135751408883,61.83343505859375,2438300,61.83343505859375,USD
2024-05-03,62.5502308789926,62.91806187985854,61.72968092551739,62.16353988647461,1639200,62.16353988647461,USD
2024-05-06,62.57852304775795,62.98408121847111,62.08808412294652,62.927494049072266,1444000,62.927494049072266,USD
2024-05-07,63.32361447870531,63.46508958865948,62.80487480744769,62.90862274169922,1616900,62.90862274169922,USD
2024-05-08,62.92749192419187,63.182141373611366,62.3238714852418,62.34273147583008,1591100,62.34273147583008,USD
2024-05-09,62.512507033724745,63.36135061780824,62.27671754901955,63.22930908203125,1635300,63.22930908203125,USD
2024-05-10,63.38963974693324,63.49338768856562,62.95578798907215,63.00294876098633,1123700,63.00294876098633,USD
2024-05-13,62.70113440130511,63.74803295078049,62.59738646650361,62.95578384399414,1411600,62.95578384399414,USD
2024-05-14,63.16328929642086,63.62543467882732,62.9557933953376,63.55941390991211,1176100,63.55941390991211,USD
2024-05-15,64.42711036106827,64.65347342574384,63.54997327368963,63.72917556762695,1320000,63.72917556762695,USD
2024-05-16,63.63485566743073,63.84235152741014,63.27645111083984,63.27645111083984,1010500,63.27645111083984,USD
2024-05-17,63.52168580896896,63.52168580896896,63.01237965796936,63.31418991088867,1606200,63.31418991088867,USD
2024-05-20,63.30476169350917,63.36134886564189,62.59739325895484,62.691707611083984,1656700,62.691707611083984,USD
2024-05-21,62.5596634095977,63.087829515563634,62.48420905282442,63.00294876098633,1453400,63.00294876098633,USD
2024-05-22,62.9086331389224,63.70088956817212,62.17297108044178,62.493648529052734,1679500,62.493648529052734,USD
2024-05-23,62.229558613253,62.39932731545726,61.58821098222837,61.66365814208984,1552100,61.66365814208984,USD
2024-05-24,61.95604677666211,62.11638189792379,61.72025729396295,61.96547317504883,1427900,61.96547317504883,USD
2024-05-28,62.24841634588351,62.29557711534389,60.861973194136766,60.96572113037109,1865900,60.96572113037109,USD
2024-05-29,60.20177701470575,60.20177701470575,58.70215564711127,59.7773551940918,3213300,59.7773551940918,USD
2024-05-30,60.05086226313268,60.36210609968288,59.833936376080366,60.26779174804688,1586900,60.26779174804688,USD
2024-05-31,60.62618493270593,61.37128049137594,60.192333188870855,61.33355331420898,4933600,61.33355331420898,USD
2024-06-03,61.69196672859305,61.974909804254224,61.16379336838843,61.701393127441406,2248500,61.701393127441406,USD
2024-06-04,61.70139003690829,62.23898976903367,61.39014619311888,61.880592346191406,2933600,61.880592346191406,USD
2024-06-05,61.77684464177764,62.116382073481965,61.31469926918385,62.00320053100586,1505100,62.00320053100586,USD
2024-06-06,61.75798312864127,62.05979337208916,61.418445705296925,61.55991363525391,1232800,61.55991363525391,USD
2024-06-07,60.72993682273848,61.56934678108544,60.66391605733109,61.37128448486328,2168400,61.37128448486328,USD
2024-06-10,61.33354922393966,62.75771948519192,61.09775977916319,62.29557418823242,1294400,62.29557418823242,USD
2024-06-11,61.87115488836407,62.314440238977525,61.65423260767461,61.82400131225586,1229000,61.82400131225586,USD
2024-06-12,62.95578852035323,63.06897005646829,61.92774988460489,62.05035781860352,1183500,62.05035781860352,USD
2024-06-13,62.229568178427485,62.66341999614185,61.75798917712172,62.21070098876953,1115100,62.21070098876953,USD
2024-06-14,62.08809150085167,63.04067587897036,61.92775637135339,62.918067932128906,1287900,62.918067932128906,USD
2024-06-17,62.36160924685399,63.38021441314431,62.144679741791336,63.201019287109375,1349000,63.201019287109375,USD
2024-06-18,63.408506136486174,64.06871376064002,63.21987024692549,63.9649658203125,1281300,63.9649658203125,USD
2024-06-20,63.70089039018895,64.07815501871315,63.5877088429144,63.99326705932617,1658000,63.99326705932617,USD
2024-06-21,64.29507485847948,64.53086434280343,63.64430077483772,64.42711639404297,2973900,64.42711639404297,USD
2024-06-24,64.6346076886811,65.61549273710294,64.46483898422879,65.25709533691406,1646700,65.25709533691406,USD
2024-06-25,65.22879950227875,65.24765949291249,64.49313034454417,64.69119262695312,1946700,64.69119262695312,USD
2024-06-26,64.07815543048741,64.54973442024202,63.62543643420429,64.15360260009766,1198700,64.15360260009766,USD
2024-06-27,64.22905409069773,64.57802511795782,63.81406949137992,64.42711639404297,1179500,64.42711639404297,USD
2024-06-28,65.39856719970703,65.69095105014907,64.6157515891014,65.39856719970703,2723100,65.39856719970703,USD
2024-07-01,65.26045722675693,65.46047378891546,64.5651878559637,64.8985366821289,1054900,64.8985366821289,USD
2024-07-02,64.89854503228453,65.29856367515107,64.69853571085126,64.9556884765625,963500,64.9556884765625,USD
2024-07-03,64.96520741140651,65.05092983452644,64.26041170184713,64.27945709228516,713300,64.27945709228516,USD
2024-07-05,64.46041641470352,64.91758568374723,64.08896956268133,64.6413803100586,1357100,64.6413803100586,USD
2024-07-08,64.66044239599861,65.10808545286329,64.47947845391437,64.75568389892578,1347300,64.75568389892578,USD
2024-07-09,64.78425247809523,65.21285012015183,64.30803772011716,64.71758270263672,1176200,64.71758270263672,USD
2024-07-10,65.14617364279785,65.15569997158634,64.2318422735168,64.61280822753906,1038200,64.61280822753906,USD
2024-07-11,65.5938250126287,66.05098712244971,64.19375242668798,64.47947692871094,1528800,64.47947692871094,USD
2024-07-12,64.7747281156232,64.80329983613078,63.44132544907698,63.99373626708984,1969200,63.99373626708984,USD
2024-07-15,64.28897957382087,65.70809723647149,64.06039856994472,64.69852447509766,2224200,64.69852447509766,USD
2024-07-16,64.8985417225371,65.86049749543314,64.64138896994034,65.75572967529297,1508900,65.75572967529297,USD
2024-07-17,65.67000829385364,66.6129186901492,65.67000829385364,66.35575866699219,1490800,66.35575866699219,USD
2024-07-18,66.03192916289677,67.7843956944808,65.89858963403535,66.73672485351562,1824200,66.73672485351562,USD
2024-07-19,67.23199613791705,67.23199613791705,66.58435104195893,66.80340576171875,1708300,66.80340576171875,USD
2024-07-22,66.67006359439631,67.75583262018822,66.64149187263234,67.66059112548828,1269700,67.66059112548828,USD
2024-07-23,67.62249818632303,68.00347146038321,67.11771168643914,67.4891586303711,1604200,67.4891586303711,USD
2024-07-24,67.67011582510688,68.00346468175832,66.53672244603187,66.6795883178711,1682200,66.6795883178711,USD
2024-07-25,66.8700692554649,67.95583822186613,65.75572856886257,66.212890625,2569800,66.212890625,USD
2024-07-26,66.60338989594474,67.822498395756,66.29861277099194,67.40342712402344,1415700,67.40342712402344,USD
2024-07-29,67.52724999229349,68.3653852989958,66.98436549215879,67.89869689941406,1809600,67.89869689941406,USD
2024-07-30,68.09870234493395,68.09870234493395,65.241414134657,66.26051330566406,3479100,66.26051330566406,USD
2024-07-31,66.88912093218312,67.05103218858788,66.05097839745767,66.31765747070312,4233400,66.31765747070312,USD
2024-08-01,66.84150098299332,67.73678701659338,66.63196533543073,67.30818939208984,2562800,67.30818939208984,USD
2024-08-02,67.19389633800337,68.88921948873521,66.30813671508106,66.87959289550781,3207500,66.87959289550781,USD
2024-08-05,66.18432427009257,67.30819137668922,65.59382262750718,65.87954711914062,4061400,65.87954711914062,USD
2024-08-06,65.88907426032159,68.4415856559048,65.81287815503002,68.02251434326172,2710100,68.02251434326172,USD
2024-08-07,68.33681390867798,68.69873448836623,66.6224379702386,66.70816040039062,2253800,66.70816040039062,USD
2024-08-08,66.67006461411131,67.14627936135497,65.96526882279962,67.04151153564453,2382300,67.04151153564453,USD
2024-08-09,67.28913578912874,68.07012757427201,66.87006454513892,67.9558334350586,1206100,67.9558334350586,USD
2024-08-12,67.51771993538007,67.80345166344807,66.97483546521865,67.47962188720703,1186700,67.47962188720703,USD
2024-08-13,68.17490293230233,68.17490293230233,67.38438473143192,67.7653579711914,1064500,67.7653579711914,USD
2024-08-14,67.85107628312194,68.33681736801223,67.4891556851126,67.80345916748047,1515300,67.80345916748047,USD
2024-08-15,67.812968542409,68.19394174541432,67.26056502783369,67.85106658935547,1536800,67.85106658935547,USD
2024-08-16,67.90822503445537,68.07013630259098,67.33676153157153,68.01299285888672,1442800,68.01299285888672,USD
2024-08-19,68.1272742854855,68.54634554961983,67.86059521429445,68.18441772460938,770200,68.18441772460938,USD
2024-08-20,68.18442350039729,68.5653967485674,67.94631612859851,68.55587768554688,875100,68.55587768554688,USD
2024-08-21,68.57492738833503,68.94637433037165,68.20348044629841,68.87017822265625,1529800,68.87017822265625,USD
2024-08-22,68.96541812906587,69.16542743627373,68.50824880797656,69.13684844970703,1101900,69.13684844970703,USD
2024-08-23,69.33686942098065,70.3178706279875,69.08923572024892,70.12738037109375,1099300,70.12738037109375,USD
2024-08-26,69.70831178514095,70.20357188779116,69.29876684264835,69.46067810058594,1710000,69.46067810058594,USD
2024-08-27,69.10827622408416,70.22262416531936,68.79398003874788,69.94641876220703,1306800,69.94641876220703,USD
2024-08-28,70.0130989516715,70.84170801788044,69.89880478860849,70.66075134277344,1399400,70.66075134277344,USD
2024-08-29,70.52740963069397,70.9179019595873,70.30834764146552,70.51788330078125,1264100,70.51788330078125,USD
2024-08-30,70.9559962835229,71.53697884783232,70.34644199743764,71.31791687011719,2030100,71.31791687011719,USD
2024-09-03,71.00361665897532,72.30844032287128,70.94646595218713,72.0608139038086,1539100,72.0608139038086,USD
2024-09-04,71.98461526530285,73.09895591113798,71.41315908280738,71.88937377929688,2129600,71.88937377929688,USD
2024-09-05,72.59417855455254,72.67989372271647,71.21315140251824,71.81318664550781,1502000,71.81318664550781,USD
2024-09-06,71.54650522494477,71.64174671974777,70.25120054953494,70.80360412597656,2268900,70.80360412597656,USD
2024-09-09,71.01313778424863,71.70841448309979,70.32738741454887,71.52745056152344,1698900,71.52745056152344,USD
2024-09-10,72.64178816739027,73.27992139691824,71.74650945993004,73.22277069091797,1309300,73.22277069091797,USD
2024-09-11,72.54655245253949,73.13706135180279,71.68936445891866,73.07991790771484,1195500,73.07991790771484,USD
2024-09-12,73.06085630305263,73.7751783325308,72.53702450797763,73.69898223876953,1162200,73.69898223876953,USD
2024-09-13,73.8418530420636,74.39426385913052,73.56564763353015,74.36569213867188,1015500,74.36569213867188,USD
2024-09-16,74.93714885117298,75.0800147208869,74.03234378708477,74.0704345703125,1457700,74.0704345703125,USD
2024-09-17,74.06091455522116,74.53712927050287,73.39420959395082,73.660888671875,1544000,73.660888671875,USD
2024-09-18,73.95615357795174,74.64190399402722,73.32754660772903,73.41326904296875,2018700,73.41326904296875,USD
2024-09-19,73.96567429644635,73.96567429644635,72.8608526507048,73.39421081542969,1558300,73.39421081542969,USD
2024-09-20,73.34658715236809,73.48945300986284,72.65131052133862,72.93704223632812,4481100,72.93704223632812,USD
2024-09-23,73.25134762087274,74.05138481782063,73.25134762087274,73.75613403320312,1561500,73.75613403320312,USD
2024-09-24,72.39659407365208,73.12680730876824,72.31012521533324,72.32933807373047,1620300,72.32933807373047,USD
2024-09-25,72.52150825858489,72.84817818611025,71.97385012746228,72.24287414550781,1482700,72.24287414550781,USD
2024-09-26,72.18522095028622,72.22365400008144,71.24363688654495,71.3973617553711,1360000,71.3973617553711,USD
2024-09-27,71.83932528582618,71.83932528582618,70.9361743416117,71.07068634033203,2952400,71.07068634033203,USD
2024-09-30,70.71518880617431,71.63755997356107,70.59028689706669,71.5414810180664,3073300,71.5414810180664,USD
2024-10-01,71.92579843493483,72.13717651838017,70.58067117420859,70.98420715332031,1508200,70.98420715332031,USD
2024-10-02,70.5230348827361,71.16677198433875,70.1387117086724,70.96500396728516,1610500,70.96500396728516,USD
2024-10-03,70.94577991646766,70.96500010582017,69.9561527450924,70.46537780761719,1223100,70.46537780761719,USD
2024-10-04,69.95614618582806,70.76322546480738,69.65829925198106,70.6479263305664,1050200,70.6479263305664,USD
2024-10-07,70.21558281895994,70.21558281895994,69.62949158602903,70.03302764892578,1055400,70.03302764892578,USD
2024-10-08,70.3981250445806,70.407735139699,69.65830898826819,70.01380920410156,986200,70.01380920410156,USD
2024-10-09,70.14831840740119,70.24439736367641,69.19711694831938,69.77360534667969,1495700,69.77360534667969,USD
2024-10-10,69.60065852435962,70.17713957771431,68.9569141399318,69.33163452148438,1133400,69.33163452148438,USD
2024-10-11,69.78321248871454,70.3020476815738,69.38928654416793,70.22518157958984,1045000,70.22518157958984,USD
2024-10-14,70.13870691549774,70.91695597528508,69.8312498633289,70.74401092529297,903000,70.74401092529297,USD
2024-10-15,71.12833693641298,71.91619612245857,70.9169588300963,71.06108093261719,1249600,71.06108093261719,USD
2024-10-16,71.22441110611733,71.82972242993813,71.21480834218829,71.76246643066406,920700,71.76246643066406,USD
2024-10-17,71.60873232222217,72.00266554336797,71.08029443649124,71.93540954589844,2033300,71.93540954589844,USD
2024-10-18,72.32933889306702,72.80013089785132,71.95462584206562,72.66561889648438,1260200,72.66561889648438,USD
2024-10-21,72.33894859216167,72.54071659310927,71.07068735023805,71.25324249267578,1419700,71.25324249267578,USD
2024-10-22,71.08989727242039,71.76246457815328,71.04186146295272,71.2436294555664,1220900,71.2436294555664,USD
2024-10-23,71.31088606997447,73.00190344743893,71.31088606997447,72.88660430908203,1392300,72.88660430908203,USD
2024-10-24,73.1748445150012,73.46308134970563,72.73286817381786,73.0787582397461,1255100,73.0787582397461,USD
2024-10-25,73.32858418279136,73.42466314711344,71.6471766509123,71.74325561523438,1056500,71.74325561523438,USD
2024-10-28,72.16600999211576,72.5887662206479,71.87776577623387,72.06993103027344,1241800,72.06993103027344,USD
2024-10-29,71.935412344311,72.233259297498,71.10912015448172,71.3301010131836,1167400,71.3301010131836,USD
2024-10-30,71.22442059326553,71.76247598948166,70.87853045653914,71.05147552490234,1660900,71.05147552490234,USD
2024-10-31,68.48612151955514,69.41810275710934,67.46767142343408,67.6117935180664,4134500,67.6117935180664,USD
2024-11-01,67.44845246322082,67.92885456717639,66.22823434452958,66.4107894897461,2350500,66.4107894897461,USD
2024-11-04,66.64137449455136,67.46766662597656,66.49725241016719,67.46766662597656,1566000,67.46766662597656,USD
2024-11-05,67.04491660169452,69.21633616881809,66.99688078940662,69.20672607421875,1273600,69.20672607421875,USD
2024-11-06,70.60950433912286,70.60950433912286,68.1210247776238,68.58220672607422,2442700,68.58220672607422,USD
2024-11-07,68.57260682894156,69.120264997102,68.10180743516726,68.97614288330078,1796500,68.97614288330078,USD
2024-11-08,69.28358622864009,71.01303659048595,69.1490742372025,70.6479263305664,1366100,70.6479263305664,USD
2024-11-11,70.69597620423883,71.49344546541724,70.43655496007021,70.61911010742188,932800,70.61911010742188,USD
2024-11-12,70.45577633235757,70.80166644348668,69.86968516240849,70.18675231933594,1360000,70.18675231933594,USD
2024-11-13,71.08029717987837,71.84893613343142,71.00343108541679,71.71442413330078,1382100,71.71442413330078,USD
2024-11-14,71.41657848847265,71.49344458434233,70.12909703889595,70.20596313476562,1834900,70.20596313476562,USD
2024-11-15,69.89850960874547,70.91695977416968,69.68713149961484,70.70558166503906,1486700,70.70558166503906,USD
2024-11-18,70.43655091990753,71.61834326702997,70.28282606544556,71.50304412841797,1924200,71.50304412841797,USD
2024-11-19,71.1091182900627,71.75285532120022,70.70557496977356,71.57991027832031,1240800,71.57991027832031,USD
2024-11-20,71.21480927939086,71.31088823242479,70.50380890016044,71.02264404296875,1360200,71.02264404296875,USD
2024-11-21,71.24362748079035,72.32933350533749,70.98420626151074,72.10835266113281,1275700,72.10835266113281,USD
2024-11-22,72.16600404708703,73.28053310728208,71.82972404316415,72.81935119628906,1049600,72.81935119628906,USD
2024-11-25,73.5399485891867,74.19329568724132,73.27092460710898,73.41504669189453,2317000,73.41504669189453,USD
2024-11-26,73.51112439483995,74.3278064210054,73.38621516930692,74.07799530029297,1071500,74.07799530029297,USD
2024-11-27,74.76017506034962,75.25018727191704,74.27977294361615,74.443115234375,1234600,74.443115234375,USD
2024-11-29,74.42388948040998,74.70252356692589,73.58798722086227,73.6552505493164,1464600,73.6552505493164,USD
2024-12-02,73.1844570480166,73.39583515323,71.98345175053561,72.29090881347656,1705400,72.29090881347656,USD
2024-12-03,72.35815449229801,72.51188666701007,71.10911355935339,71.12832641601562,1479000,71.12832641601562,USD
2024-12-04,71.18598008862291,71.28206637348568,70.60949903121806,70.89774322509766,1303200,70.89774322509766,USD
2024-12-05,70.38851525936833,70.75361820355049,70.04262517315195,70.5038070678711,1180200,70.5038070678711,USD
2024-12-06,70.7344120503419,71.07069207427361,70.35008888141078,70.85931396484375,1029000,70.85931396484375,USD
2024-12-09,70.80166536098754,71.01304346237406,69.97537314485183,70.77284240722656,1302900,70.77284240722656,USD
2024-12-10,70.94578408976523,70.94578408976523,69.90812104467835,70.04263305664062,1092600,70.04263305664062,USD
2024-12-11,70.26360236221531,70.54223643549007,69.66790850173808,69.92732238769531,1309800,69.92732238769531,USD
2024-12-12,69.87929311267062,71.4742242825025,69.792816922365,70.89774322509766,1479400,70.89774322509766,USD
2024-12-13,70.55185984259683,71.11873085942251,70.09067055454547,70.4077377319336,1029800,70.4077377319336,USD
2024-12-16,70.31164922390974,71.4550085281845,70.25400331961154,70.58067321777344,1116300,70.58067321777344,USD
2024-12-17,70.28283492918197,70.70558383003299,69.87929888867896,69.917724609375,1551700,69.917724609375,USD
2024-12-18,69.65830580055705,70.340475915651,67.40041735447194,67.43885040283203,1402700,67.43885040283203,USD
2024-12-19,67.57336045952336,68.59181055547434,66.63176912772312,66.76628112792969,1458300,66.76628112792969,USD
2024-12-20,67.75590603328628,69.29319855119721,67.19864519241527,68.55337524414062,5177000,68.55337524414062,USD
2024-12-23,67.97689718707737,68.8031893859564,67.7463062314508,68.63985443115234,1300900,68.63985443115234,USD
2024-12-24,68.4284855263655,69.50458168408062,68.2843634108557,69.38928985595703,568700,69.38928985595703,USD
2024-12-26,69.22594444335209,69.70634653572691,68.9857433971647,69.53340148925781,747200,69.53340148925781,USD
2024-12-27,68.90888029140268,69.81203860994704,68.6110333269272,68.77436828613281,946100,68.77436828613281,USD
2024-12-30,68.38043711528702,68.62063817919939,67.57336505911175,68.37083435058594,894200,68.37083435058594,USD
